id,var,grade,d_math,d_hyp,grp
201,38,3,1,0,math
201,55,5,1,0,math
303,26,2,1,0,math
303,33,5,1,0,math
2702,56,2,1,0,math
2702,58,4,1,0,math
2702,80,8,1,0,math
4303,41,3,1,0,math
4303,58,4,1,0,math
5002,46,4,1,0,math
5002,54,6,1,0,math
5002,66,8,1,0,math
5005,35,2,1,0,math
5005,50,4,1,0,math
5005,60,6,1,0,math
5005,59,8,1,0,math
5701,62,3,1,0,math
5701,61,4,1,0,math
6102,55,4,1,0,math
6102,67,5,1,0,math
6102,81,7,1,0,math
6801,54,3,1,0,math
6801,62,5,1,0,math
6801,66,7,1,0,math
6802,55,3,1,0,math
6802,66,5,1,0,math
6802,68,7,1,0,math
6803,57,3,1,0,math
6803,70,5,1,0,math
9603,35,2,1,0,math
9603,59,4,1,0,math
12401,34,3,1,0,math
12401,50,4,1,0,math
12801,48,4,1,0,math
13702,54,3,1,0,math
13702,64,6,1,0,math
13702,63,7,1,0,math
13801,66,3,1,0,math
13801,65,5,1,0,math
13803,58,3,1,0,math
13803,60,5,1,0,math
17201,46,3,1,0,math
17201,65,5,1,0,math
18601,27,4,1,0,math
22104,24,2,1,0,math
22104,41,4,1,0,math
22901,32,3,1,0,math
22901,49,5,1,0,math
23602,57,4,1,0,math
23701,48,4,1,0,math
23701,49,6,1,0,math
24402,44,4,1,0,math
24402,59,5,1,0,math
26201,39,2,1,0,math
26201,68,5,1,0,math
26201,71,8,1,0,math
28503,14,2,1,0,math
28503,48,4,1,0,math
29201,52,2,1,0,math
29201,67,4,1,0,math
29201,65,7,1,0,math
29201,75,8,1,0,math
29202,44,2,1,0,math
29202,64,5,1,0,math
29202,73,6,1,0,math
34401,52,2,1,0,math
34401,67,4,1,0,math
34401,79,8,1,0,math
35401,44,3,1,0,math
35401,64,5,1,0,math
35401,69,7,1,0,math
35402,53,3,1,0,math
35402,45,5,1,0,math
35402,61,7,1,0,math
36901,62,3,1,0,math
36901,65,5,1,0,math
36901,74,7,1,0,math
36902,48,2,1,0,math
36902,62,4,1,0,math
36902,65,6,1,0,math
36902,72,8,1,0,math
37403,37,2,1,0,math
37403,45,6,1,0,math
38202,27,2,1,0,math
38202,38,3,1,0,math
38802,38,4,1,0,math
38802,43,6,1,0,math
40501,42,3,1,0,math
40501,52,6,1,0,math
40702,46,2,1,0,math
40702,52,4,1,0,math
40702,60,6,1,0,math
42504,47,4,1,0,math
42504,64,6,1,0,math
42505,50,3,1,0,math
42505,60,5,1,0,math
42505,53,7,1,0,math
43103,62,6,1,0,math
43103,66,8,1,0,math
45201,40,2,1,0,math
45201,63,4,1,0,math
45201,64,6,1,0,math
45903,65,3,1,0,math
45903,66,6,1,0,math
46201,51,3,1,0,math
46201,66,5,1,0,math
46201,79,7,1,0,math
47201,58,2,1,0,math
47201,63,4,1,0,math
47402,45,4,1,0,math
47402,54,6,1,0,math
47601,32,2,1,0,math
47601,48,4,1,0,math
47601,58,8,1,0,math
48502,29,2,1,0,math
48502,58,6,1,0,math
49501,35,2,1,0,math
49501,50,4,1,0,math
53601,38,3,1,0,math
53601,45,6,1,0,math
55201,65,5,1,0,math
55201,69,7,1,0,math
55801,43,4,1,0,math
55801,52,6,1,0,math
55801,63,7,1,0,math
56301,24,3,1,0,math
56301,45,5,1,0,math
56301,55,7,1,0,math
56302,37,3,1,0,math
56302,46,5,1,0,math
57604,41,2,1,0,math
57604,67,4,1,0,math
58503,25,3,1,0,math
58503,50,6,1,0,math
62102,47,3,1,0,math
62102,70,6,1,0,math
62103,14,2,1,0,math
62103,32,3,1,0,math
62103,45,5,1,0,math
62202,60,3,1,0,math
62202,66,5,1,0,math
62703,32,2,1,0,math
62703,64,6,1,0,math
64002,43,2,1,0,math
64002,51,6,1,0,math
65601,55,3,1,0,math
65601,62,6,1,0,math
65701,55,4,1,0,math
65701,71,6,1,0,math
66002,40,2,1,0,math
66002,66,6,1,0,math
70801,44,4,1,0,math
70801,52,6,1,0,math
73602,42,2,1,0,math
73602,51,4,1,0,math
74602,39,2,1,0,math
74602,53,5,1,0,math
75603,20,2,1,0,math
75603,34,5,1,0,math
76402,51,4,1,0,math
76402,45,6,1,0,math
76403,44,3,1,0,math
76403,58,5,1,0,math
80102,36,3,1,0,math
80102,55,5,1,0,math
80102,65,8,1,0,math
82901,41,3,1,0,math
82901,46,6,1,0,math
83001,39,3,1,0,math
83001,48,6,1,0,math
83101,26,2,1,0,math
83101,38,4,1,0,math
83101,43,6,1,0,math
83101,50,8,1,0,math
83102,43,3,1,0,math
83102,44,5,1,0,math
83602,49,3,1,0,math
83602,58,6,1,0,math
83602,61,8,1,0,math
83603,34,3,1,0,math
83603,53,5,1,0,math
83603,52,6,1,0,math
85402,41,4,1,0,math
85402,51,5,1,0,math
87501,48,4,1,0,math
87501,51,6,1,0,math
87901,38,3,1,0,math
87901,49,4,1,0,math
88902,27,2,1,0,math
88902,37,3,1,0,math
88902,49,7,1,0,math
89303,42,3,1,0,math
89303,47,5,1,0,math
89803,41,3,1,0,math
89803,68,6,1,0,math
90002,60,4,1,0,math
90002,65,6,1,0,math
92303,48,3,1,0,math
92303,46,6,1,0,math
93202,30,3,1,0,math
93202,43,5,1,0,math
93901,34,3,1,0,math
93901,46,5,1,0,math
94002,30,2,1,0,math
94002,61,5,1,0,math
94002,68,7,1,0,math
96201,30,2,1,0,math
96201,51,6,1,0,math
96201,50,7,1,0,math
96202,37,4,1,0,math
96202,46,5,1,0,math
98102,45,2,1,0,math
98102,60,5,1,0,math
98102,64,6,1,0,math
101701,43,3,1,0,math
101701,49,5,1,0,math
101701,46,7,1,0,math
101702,22,2,1,0,math
101702,50,4,1,0,math
101702,49,6,1,0,math
101702,57,8,1,0,math
103501,29,2,1,0,math
103501,44,6,1,0,math
103501,43,8,1,0,math
108201,58,2,1,0,math
108201,69,4,1,0,math
113001,42,3,1,0,math
113001,70,5,1,0,math
113001,67,7,1,0,math
113201,47,4,1,0,math
113201,62,5,1,0,math
114101,18,2,1,0,math
114101,50,6,1,0,math
114101,46,7,1,0,math
114702,49,4,1,0,math
114702,55,5,1,0,math
115901,35,2,1,0,math
115901,48,5,1,0,math
115901,72,8,1,0,math
116002,37,2,1,0,math
116002,61,8,1,0,math
116004,52,3,1,0,math
116004,65,5,1,0,math
118402,51,3,1,0,math
118402,65,4,1,0,math
118402,66,7,1,0,math
122301,24,3,1,0,math
122301,42,4,1,0,math
124201,35,3,1,0,math
124201,45,5,1,0,math
124402,29,3,1,0,math
124402,41,5,1,0,math
124402,44,7,1,0,math
125002,37,2,1,0,math
125002,44,4,1,0,math
125002,47,6,1,0,math
126101,41,2,1,0,math
126101,47,4,1,0,math
126101,62,6,1,0,math
129502,37,3,1,0,math
129502,43,5,1,0,math
129601,23,2,1,0,math
129601,42,4,1,0,math
129601,42,6,1,0,math
129601,49,7,1,0,math
129602,43,3,1,0,math
132301,40,3,1,0,math
132301,64,4,1,0,math
132402,28,3,1,0,math
132402,45,6,1,0,math
132402,49,7,1,0,math
132403,40,3,1,0,math
132403,40,5,1,0,math
132403,53,6,1,0,math
136001,47,6,1,0,math
138901,39,2,1,0,math
138901,44,4,1,0,math
138901,47,6,1,0,math
138902,38,3,1,0,math
138902,45,5,1,0,math
139902,46,2,1,0,math
139902,71,6,1,0,math
139902,77,8,1,0,math
140004,24,2,1,0,math
140004,52,5,1,0,math
140104,34,3,1,0,math
140104,45,6,1,0,math
140901,19,2,1,0,math
140901,47,3,1,0,math
140901,56,5,1,0,math
140902,41,2,1,0,math
140902,48,6,1,0,math
141001,47,3,1,0,math
141001,61,5,1,0,math
141601,49,3,1,0,math
141601,49,5,1,0,math
141603,37,2,1,0,math
141603,50,6,1,0,math
143901,44,3,1,0,math
143901,53,5,1,0,math
144004,44,3,1,0,math
144004,44,5,1,0,math
144004,55,7,1,0,math
153203,54,2,1,0,math
153203,66,4,1,0,math
153203,66,6,1,0,math
153204,14,2,1,0,math
153204,25,4,1,0,math
153801,46,3,1,0,math
153801,48,6,1,0,math
155902,27,2,1,0,math
155902,39,5,1,0,math
156401,52,2,1,0,math
156401,59,4,1,0,math
156605,49,3,1,0,math
156605,63,5,1,0,math
158701,60,4,1,0,math
158701,63,6,1,0,math
158702,44,2,1,0,math
158702,63,4,1,0,math
158702,67,6,1,0,math
158702,75,8,1,0,math
159605,24,4,1,0,math
159605,31,5,1,0,math
159606,28,3,1,0,math
159606,38,5,1,0,math
159801,18,2,1,0,math
159801,51,6,1,0,math
159801,54,8,1,0,math
165501,32,3,1,0,math
165501,43,6,1,0,math
165602,39,4,1,0,math
165602,64,5,1,0,math
165602,57,7,1,0,math
165701,25,3,1,0,math
165701,41,5,1,0,math
165701,40,7,1,0,math
165801,56,4,1,0,math
165801,59,5,1,0,math
165801,66,7,1,0,math
166602,40,4,1,0,math
166602,55,6,1,0,math
166603,18,2,1,0,math
166603,33,4,1,0,math
167501,49,2,1,0,math
167501,62,4,1,0,math
167501,78,6,1,0,math
167502,57,2,1,0,math
167502,70,4,1,0,math
167502,76,6,1,0,math
169003,45,4,1,0,math
169003,45,6,1,0,math
169003,61,8,1,0,math
170403,39,3,1,0,math
170403,43,5,1,0,math
170403,44,8,1,0,math
170404,33,3,1,0,math
170404,43,6,1,0,math
171401,17,2,1,0,math
171401,42,5,1,0,math
171401,48,6,1,0,math
172502,41,2,1,0,math
172502,53,3,1,0,math
172502,53,5,1,0,math
172502,57,7,1,0,math
173001,38,2,1,0,math
173001,39,6,1,0,math
173001,29,8,1,0,math
173201,50,6,1,0,math
174001,44,2,1,0,math
174001,58,4,1,0,math
175405,20,2,1,0,math
175405,29,5,1,0,math
175801,27,3,1,0,math
175801,42,6,1,0,math
175801,49,8,1,0,math
176003,57,3,1,0,math
176003,48,5,1,0,math
178901,24,2,1,0,math
178901,42,6,1,0,math
179401,33,3,1,0,math
179401,47,6,1,0,math
179701,38,3,1,0,math
179701,47,6,1,0,math
179701,51,8,1,0,math
180301,48,3,1,0,math
180301,50,6,1,0,math
180301,80,8,1,0,math
181801,43,4,1,0,math
181801,49,6,1,0,math
182903,50,5,1,0,math
185304,44,3,1,0,math
185304,45,5,1,0,math
187803,37,2,1,0,math
187803,64,6,1,0,math
188002,42,2,1,0,math
188002,58,4,1,0,math
188002,60,8,1,0,math
188502,48,3,1,0,math
188502,64,5,1,0,math
189601,51,3,1,0,math
189601,64,6,1,0,math
189601,65,7,1,0,math
189602,36,3,1,0,math
189602,51,4,1,0,math
189602,72,8,1,0,math
190202,40,3,1,0,math
190202,50,6,1,0,math
190501,68,4,1,0,math
190501,65,6,1,0,math
191202,29,2,1,0,math
191202,42,3,1,0,math
191202,62,5,1,0,math
191202,57,7,1,0,math
193601,13,2,1,0,math
193601,52,4,1,0,math
193601,58,6,1,0,math
193803,41,3,1,0,math
193803,61,5,1,0,math
193803,61,7,1,0,math
196002,31,2,1,0,math
196002,37,4,1,0,math
196201,36,3,1,0,math
196201,52,5,1,0,math
196201,61,7,1,0,math
196202,36,3,1,0,math
196202,50,6,1,0,math
196202,55,8,1,0,math
204602,51,3,1,0,math
204602,59,5,1,0,math
205802,41,3,1,0,math
205802,65,6,1,0,math
205802,81,8,1,0,math
207102,56,3,1,0,math
207102,70,6,1,0,math
207202,39,2,1,0,math
207202,52,5,1,0,math
207202,69,6,1,0,math
207301,49,4,1,0,math
207301,47,6,1,0,math
212001,45,3,1,0,math
212001,66,5,1,0,math
212001,62,7,1,0,math
213101,38,2,1,0,math
213101,42,4,1,0,math
213702,46,4,1,0,math
213702,47,5,1,0,math
213702,63,7,1,0,math
215304,31,3,1,0,math
215304,46,5,1,0,math
215304,64,8,1,0,math
216701,49,3,1,0,math
216701,55,5,1,0,math
217402,43,3,1,0,math
217402,61,6,1,0,math
219003,33,2,1,0,math
219003,56,5,1,0,math
219003,67,7,1,0,math
220401,24,2,1,0,math
220401,63,4,1,0,math
221202,48,3,1,0,math
221202,66,6,1,0,math
223002,61,3,1,0,math
223002,70,5,1,0,math
224901,26,2,1,0,math
224901,35,3,1,0,math
224901,45,7,1,0,math
226001,16,3,1,0,math
226001,43,5,1,0,math
226502,26,3,1,0,math
226502,42,5,1,0,math
226502,48,7,1,0,math
226704,32,3,1,0,math
226704,46,5,1,0,math
226704,51,6,1,0,math
227002,57,4,1,0,math
227002,55,6,1,0,math
227002,46,7,1,0,math
227101,17,3,1,0,math
227101,44,5,1,0,math
227101,46,8,1,0,math
227102,46,4,1,0,math
227102,45,5,1,0,math
227102,71,7,1,0,math
227201,36,4,1,0,math
227201,48,6,1,0,math
227201,53,8,1,0,math
231502,18,3,1,0,math
231502,43,4,1,0,math
233301,42,3,1,0,math
233301,50,6,1,0,math
233901,55,3,1,0,math
233901,62,5,1,0,math
233902,52,3,1,0,math
233902,56,5,1,0,math
235503,29,3,1,0,math
235503,41,5,1,0,math
236002,38,3,1,0,math
236002,43,5,1,0,math
236002,46,6,1,0,math
236201,23,3,1,0,math
236201,44,4,1,0,math
236202,16,2,1,0,math
236202,39,4,1,0,math
236901,45,3,1,0,math
236901,65,6,1,0,math
237501,46,3,1,0,math
237501,61,6,1,0,math
237501,70,8,1,0,math
238301,42,3,1,0,math
238301,50,7,1,0,math
239603,30,3,1,0,math
239603,45,6,1,0,math
239603,46,8,1,0,math
239604,28,2,1,0,math
239604,42,3,1,0,math
239604,46,6,1,0,math
240701,36,3,1,0,math
240701,40,5,1,0,math
240701,49,7,1,0,math
240702,20,2,1,0,math
240702,51,6,1,0,math
244201,42,3,1,0,math
244201,47,4,1,0,math
244702,37,3,1,0,math
244702,47,5,1,0,math
245903,47,3,1,0,math
245903,41,6,1,0,math
248402,27,3,1,0,math
250502,43,3,1,0,math
250502,62,7,1,0,math
252902,29,2,1,0,math
252902,33,5,1,0,math
253001,41,3,1,0,math
253001,42,6,1,0,math
253603,35,3,1,0,math
253603,40,5,1,0,math
253802,39,2,1,0,math
253802,44,4,1,0,math
253802,48,7,1,0,math
253802,58,8,1,0,math
254901,42,4,1,0,math
254901,59,6,1,0,math
255201,47,2,1,0,math
255201,49,4,1,0,math
255901,13,3,1,0,math
255901,38,4,1,0,math
255901,44,7,1,0,math
255902,30,2,1,0,math
255902,41,5,1,0,math
255902,48,6,1,0,math
255903,42,3,1,0,math
255903,51,5,1,0,math
258801,52,3,1,0,math
258801,65,6,1,0,math
260702,48,3,1,0,math
260702,66,4,1,0,math
261501,22,2,1,0,math
261501,38,4,1,0,math
261501,50,6,1,0,math
261502,29,4,1,0,math
261502,51,6,1,0,math
261502,67,7,1,0,math
261503,34,2,1,0,math
261503,47,5,1,0,math
261503,44,6,1,0,math
262601,51,3,1,0,math
262601,53,5,1,0,math
262601,62,7,1,0,math
262602,59,3,1,0,math
262602,64,5,1,0,math
263801,44,3,1,0,math
263801,65,4,1,0,math
265902,39,2,1,0,math
265902,43,4,1,0,math
265902,49,8,1,0,math
268301,32,3,1,0,math
268301,41,4,1,0,math
268303,35,3,1,0,math
268303,46,5,1,0,math
268901,35,2,1,0,math
268901,44,5,1,0,math
268902,44,2,1,0,math
268902,51,6,1,0,math
269001,36,3,1,0,math
269001,46,6,1,0,math
269101,44,3,1,0,math
269101,54,5,1,0,math
269101,58,8,1,0,math
269102,26,3,1,0,math
269102,54,5,1,0,math
269102,58,7,1,0,math
269902,42,3,1,0,math
269902,60,5,1,0,math
271001,34,2,1,0,math
271001,50,6,1,0,math
272903,39,2,1,0,math
272903,51,4,1,0,math
272903,49,6,1,0,math
273501,41,2,1,0,math
273501,51,4,1,0,math
273501,64,6,1,0,math
273501,65,8,1,0,math
274401,41,4,1,0,math
274401,42,6,1,0,math
277002,42,4,1,0,math
277002,50,6,1,0,math
277002,51,8,1,0,math
277003,48,4,1,0,math
277003,48,6,1,0,math
277003,62,8,1,0,math
277502,41,3,1,0,math
277502,50,6,1,0,math
278103,43,3,1,0,math
278103,47,5,1,0,math
278103,75,7,1,0,math
281001,42,3,1,0,math
281001,41,6,1,0,math
281901,43,4,1,0,math
281901,50,6,1,0,math
282602,42,4,1,0,math
282602,63,5,1,0,math
282603,44,3,1,0,math
282603,64,4,1,0,math
287702,61,4,1,0,math
287702,72,6,1,0,math
288501,44,3,1,0,math
288501,64,6,1,0,math
288501,67,8,1,0,math
290901,62,4,1,0,math
290901,76,6,1,0,math
290902,39,2,1,0,math
290902,52,4,1,0,math
291101,44,3,1,0,math
291101,54,5,1,0,math
291101,62,6,1,0,math
294902,59,3,1,0,math
294902,66,5,1,0,math
294902,68,8,1,0,math
294903,45,3,1,0,math
294903,51,6,1,0,math
295901,59,2,1,0,math
295901,60,4,1,0,math
295901,63,6,1,0,math
295902,55,2,1,0,math
295902,59,4,1,0,math
296401,49,4,1,0,math
296401,45,5,1,0,math
296401,73,7,1,0,math
297901,45,4,1,0,math
297901,45,6,1,0,math
297901,53,8,1,0,math
297902,28,2,1,0,math
297902,44,4,1,0,math
297902,62,5,1,0,math
297902,53,8,1,0,math
298301,43,3,1,0,math
298301,44,5,1,0,math
301101,57,3,1,0,math
301101,81,8,1,0,math
301401,52,4,1,0,math
301401,47,6,1,0,math
301401,61,8,1,0,math
302301,38,3,1,0,math
302301,49,6,1,0,math
302702,43,4,1,0,math
302702,47,5,1,0,math
302702,56,7,1,0,math
302703,28,2,1,0,math
302703,43,3,1,0,math
304103,26,2,1,0,math
304103,42,4,1,0,math
304605,31,4,1,0,math
304605,49,6,1,0,math
304605,48,7,1,0,math
307301,43,2,1,0,math
307301,44,4,1,0,math
307301,57,6,1,0,math
307301,58,8,1,0,math
307501,25,3,1,0,math
307501,45,6,1,0,math
309802,54,3,1,0,math
309802,64,5,1,0,math
309901,48,3,1,0,math
309901,44,4,1,0,math
310101,32,2,1,0,math
310101,54,6,1,0,math
311301,38,3,1,0,math
311301,42,5,1,0,math
311701,42,4,1,0,math
312102,41,3,1,0,math
312102,54,5,1,0,math
312201,56,4,1,0,math
312201,58,6,1,0,math
312901,35,2,1,0,math
312901,36,4,1,0,math
312901,46,6,1,0,math
312901,49,8,1,0,math
314501,62,4,1,0,math
314501,67,5,1,0,math
315001,47,4,1,0,math
315001,62,6,1,0,math
315001,65,8,1,0,math
315002,62,4,1,0,math
315002,72,6,1,0,math
315002,80,8,1,0,math
315602,52,3,1,0,math
315602,64,5,1,0,math
316301,39,2,1,0,math
316301,64,5,1,0,math
316501,44,3,1,0,math
316501,56,5,1,0,math
316501,61,7,1,0,math
316502,45,3,1,0,math
316502,50,5,1,0,math
319002,42,4,1,0,math
319801,44,3,1,0,math
319801,45,4,1,0,math
320101,38,2,1,0,math
320101,52,6,1,0,math
320101,53,8,1,0,math
320102,48,3,1,0,math
320102,58,5,1,0,math
322505,43,2,1,0,math
322505,65,4,1,0,math
324401,51,4,1,0,math
324401,67,5,1,0,math
324401,76,7,1,0,math
324402,45,3,1,0,math
324402,60,6,1,0,math
324402,66,7,1,0,math
324801,67,6,1,0,math
325401,25,2,1,0,math
325401,45,4,1,0,math
325401,59,6,1,0,math
325401,52,8,1,0,math
325402,57,3,1,0,math
325402,70,5,1,0,math
325402,71,7,1,0,math
325904,41,6,1,0,math
326901,47,5,1,0,math
326901,50,7,1,0,math
328702,54,3,1,0,math
328702,46,5,1,0,math
328703,40,2,1,0,math
328703,50,4,1,0,math
330601,31,2,1,0,math
330601,40,4,1,0,math
330601,50,7,1,0,math
330601,47,8,1,0,math
331506,20,2,1,0,math
331506,34,3,1,0,math
334201,48,4,1,0,math
334201,46,5,1,0,math
334201,44,7,1,0,math
335001,54,4,1,0,math
335001,53,5,1,0,math
335001,69,7,1,0,math
335002,42,2,1,0,math
335002,50,4,1,0,math
335501,25,2,1,0,math
335501,50,5,1,0,math
336401,39,2,1,0,math
336401,46,4,1,0,math
336401,50,8,1,0,math
336902,40,3,1,0,math
336902,44,6,1,0,math
340702,42,2,1,0,math
340702,62,6,1,0,math
340702,72,8,1,0,math
340801,34,3,1,0,math
340801,42,5,1,0,math
342301,48,3,1,0,math
342301,67,5,1,0,math
342301,67,8,1,0,math
342302,45,3,1,0,math
342302,49,5,1,0,math
342302,68,8,1,0,math
342402,48,3,1,0,math
342402,63,5,1,0,math
342402,64,7,1,0,math
343302,51,4,1,0,math
343302,46,6,1,0,math
344602,28,2,1,0,math
344602,53,4,1,0,math
346501,51,3,1,0,math
346501,53,5,1,0,math
347603,46,4,1,0,math
347603,52,6,1,0,math
348103,36,2,1,0,math
348103,51,4,1,0,math
349101,31,2,1,0,math
349101,59,5,1,0,math
352201,50,4,1,0,math
352201,51,5,1,0,math
353101,43,3,1,0,math
353101,42,5,1,0,math
353102,34,2,1,0,math
353102,44,5,1,0,math
354502,50,3,1,0,math
354502,65,5,1,0,math
354503,46,2,1,0,math
354503,68,6,1,0,math
354801,27,3,1,0,math
354801,45,5,1,0,math
354801,46,6,1,0,math
356402,36,3,1,0,math
356402,46,5,1,0,math
356402,45,7,1,0,math
357203,49,4,1,0,math
357203,68,6,1,0,math
358401,56,4,1,0,math
358401,62,6,1,0,math
358601,46,3,1,0,math
358601,59,6,1,0,math
360901,48,2,1,0,math
360901,57,4,1,0,math
360903,40,2,1,0,math
360903,51,4,1,0,math
362402,63,5,1,0,math
363501,29,3,1,0,math
363501,46,5,1,0,math
364103,35,2,1,0,math
364103,55,5,1,0,math
367903,26,3,1,0,math
367903,43,5,1,0,math
367903,43,6,1,0,math
369702,24,2,1,0,math
369702,50,3,1,0,math
369702,48,7,1,0,math
369704,34,3,1,0,math
369704,43,6,1,0,math
370303,26,2,1,0,math
370303,22,4,1,0,math
371502,32,2,1,0,math
371502,62,6,1,0,math
371503,64,4,1,0,math
371503,64,6,1,0,math
372901,34,2,1,0,math
372901,46,4,1,0,math
373401,44,3,1,0,math
373401,50,6,1,0,math
373401,52,8,1,0,math
373402,43,4,1,0,math
373402,58,6,1,0,math
373701,39,3,1,0,math
373701,48,5,1,0,math
373702,37,2,1,0,math
373702,54,4,1,0,math
374001,54,3,1,0,math
374001,47,6,1,0,math
374601,30,2,1,0,math
374601,54,6,1,0,math
374601,65,8,1,0,math
374603,58,3,1,0,math
374603,71,6,1,0,math
375303,45,3,1,0,math
375303,45,5,1,0,math
375303,49,6,1,0,math
375303,67,8,1,0,math
379301,27,2,1,0,math
379301,39,3,1,0,math
379801,45,3,1,0,math
379805,41,2,1,0,math
379805,57,4,1,0,math
380201,38,2,1,0,math
380201,62,5,1,0,math
380201,65,6,1,0,math
380201,72,8,1,0,math
381701,57,3,1,0,math
381701,69,5,1,0,math
382101,37,3,1,0,math
382101,43,6,1,0,math
389902,46,2,1,0,math
389902,52,5,1,0,math
389902,69,6,1,0,math
389903,47,3,1,0,math
389903,57,4,1,0,math
389903,69,7,1,0,math
389904,56,4,1,0,math
389904,65,8,1,0,math
392102,41,3,1,0,math
392102,57,5,1,0,math
392102,69,7,1,0,math
392103,47,2,1,0,math
392103,44,4,1,0,math
392103,62,6,1,0,math
392301,39,3,1,0,math
392301,63,5,1,0,math
392301,72,7,1,0,math
392303,51,2,1,0,math
392303,56,4,1,0,math
392303,76,8,1,0,math
392401,40,2,1,0,math
392401,64,4,1,0,math
392402,52,2,1,0,math
392402,68,4,1,0,math
396202,30,6,1,0,math
397202,53,2,1,0,math
397202,52,4,1,0,math
399503,30,2,1,0,math
399503,54,5,1,0,math
399503,48,7,1,0,math
400101,56,3,1,0,math
400101,64,5,1,0,math
400101,63,7,1,0,math
403701,43,4,1,0,math
403701,50,5,1,0,math
404503,44,3,1,0,math
404503,57,6,1,0,math
405002,47,3,1,0,math
405002,61,6,1,0,math
405002,67,8,1,0,math
407702,21,3,1,0,math
407702,42,4,1,0,math
407702,43,6,1,0,math
408501,31,3,1,0,math
408501,50,6,1,0,math
411002,41,2,1,0,math
411002,47,5,1,0,math
411002,53,6,1,0,math
413202,47,3,1,0,math
413202,27,5,1,0,math
413202,46,8,1,0,math
413203,37,2,1,0,math
413203,42,4,1,0,math
413203,47,7,1,0,math
413203,44,8,1,0,math
413301,34,2,1,0,math
413301,39,4,1,0,math
419401,19,2,1,0,math
419401,57,5,1,0,math
419401,51,7,1,0,math
420001,30,4,1,0,math
420001,44,5,1,0,math
420001,52,8,1,0,math
421001,44,3,1,0,math
421001,51,6,1,0,math
421001,51,7,1,0,math
422401,45,2,1,0,math
422401,59,5,1,0,math
422401,60,6,1,0,math
424602,52,3,1,0,math
424602,53,5,1,0,math
424602,70,7,1,0,math
425401,43,2,1,0,math
425401,55,5,1,0,math
425401,65,6,1,0,math
425402,34,3,1,0,math
425402,55,5,1,0,math
425402,73,8,1,0,math
425601,51,4,1,0,math
425601,54,6,1,0,math
427502,28,2,1,0,math
427502,38,4,1,0,math
427703,40,4,1,0,math
427703,54,6,1,0,math
431002,40,2,1,0,math
431002,47,5,1,0,math
433901,66,4,1,0,math
433901,65,5,1,0,math
433901,70,7,1,0,math
433902,51,3,1,0,math
433902,58,4,1,0,math
433902,64,6,1,0,math
435201,57,4,1,0,math
435201,71,6,1,0,math
436602,30,3,1,0,math
436602,53,4,1,0,math
436602,54,7,1,0,math
436602,59,8,1,0,math
437201,45,2,1,0,math
437201,61,5,1,0,math
439602,38,4,1,0,math
439602,49,6,1,0,math
439602,51,7,1,0,math
442301,47,3,1,0,math
442301,67,5,1,0,math
442401,44,2,1,0,math
442401,48,4,1,0,math
442401,56,6,1,0,math
442401,69,8,1,0,math
442801,53,2,1,0,math
442801,65,4,1,0,math
443701,50,3,1,0,math
443701,47,5,1,0,math
443701,63,7,1,0,math
443702,40,3,1,0,math
443702,59,5,1,0,math
443902,50,4,1,0,math
443902,55,6,1,0,math
444702,45,3,1,0,math
444702,52,5,1,0,math
448304,38,2,1,0,math
448304,45,5,1,0,math
449401,49,4,1,0,math
449401,57,5,1,0,math
449501,55,4,1,0,math
449501,69,6,1,0,math
449501,74,8,1,0,math
449601,45,3,1,0,math
449601,52,6,1,0,math
449601,46,8,1,0,math
449602,37,2,1,0,math
449602,53,4,1,0,math
449602,67,8,1,0,math
452601,48,3,1,0,math
452601,57,5,1,0,math
453601,50,3,1,0,math
453601,55,5,1,0,math
453601,64,7,1,0,math
453602,25,3,1,0,math
453602,47,5,1,0,math
453801,43,3,1,0,math
453801,63,6,1,0,math
453801,64,8,1,0,math
453802,36,4,1,0,math
453802,52,6,1,0,math
453901,47,2,1,0,math
453901,61,4,1,0,math
453901,63,7,1,0,math
453902,51,3,1,0,math
453902,67,6,1,0,math
456401,28,2,1,0,math
456401,55,3,1,0,math
457002,42,2,1,0,math
457002,63,6,1,0,math
458902,26,3,1,0,math
458902,45,6,1,0,math
459201,52,2,1,0,math
459201,58,4,1,0,math
461402,17,2,1,0,math
461402,38,3,1,0,math
463102,25,2,1,0,math
463102,42,4,1,0,math
463702,53,4,1,0,math
463702,68,6,1,0,math
466201,50,2,1,0,math
466201,63,4,1,0,math
468301,48,3,1,0,math
468301,64,5,1,0,math
468301,70,7,1,0,math
468302,19,2,1,0,math
468302,43,4,1,0,math
468303,44,2,1,0,math
468303,60,4,1,0,math
471701,33,2,1,0,math
471701,64,4,1,0,math
471702,40,2,1,0,math
471702,64,8,1,0,math
472303,43,2,1,0,math
472303,54,4,1,0,math
472303,69,6,1,0,math
474602,45,3,1,0,math
474602,45,6,1,0,math
474602,61,7,1,0,math
474603,44,3,1,0,math
474603,54,4,1,0,math
474603,64,8,1,0,math
474604,28,2,1,0,math
474604,65,6,1,0,math
475401,52,3,1,0,math
475401,76,6,1,0,math
476601,39,2,1,0,math
476601,52,4,1,0,math
478501,30,2,1,0,math
478501,44,4,1,0,math
478501,57,6,1,0,math
480103,53,3,1,0,math
480103,55,5,1,0,math
481502,50,3,1,0,math
481502,58,5,1,0,math
481502,63,7,1,0,math
482002,49,2,1,0,math
482002,60,4,1,0,math
482602,49,3,1,0,math
482602,73,6,1,0,math
487101,44,3,1,0,math
487101,41,5,1,0,math
488001,60,3,1,0,math
488001,66,6,1,0,math
488201,37,2,1,0,math
488201,59,5,1,0,math
488201,74,7,1,0,math
488202,47,3,1,0,math
488202,55,5,1,0,math
488202,65,7,1,0,math
489902,34,2,1,0,math
489902,50,6,1,0,math
492501,36,2,1,0,math
492501,58,5,1,0,math
492501,74,7,1,0,math
492502,47,3,1,0,math
492502,56,5,1,0,math
492503,36,2,1,0,math
492503,45,4,1,0,math
493003,25,2,1,0,math
493003,51,6,1,0,math
493301,53,4,1,0,math
493301,42,6,1,0,math
495202,48,3,1,0,math
495202,59,5,1,0,math
497302,42,3,1,0,math
497302,48,5,1,0,math
497302,70,7,1,0,math
497303,44,3,1,0,math
497303,54,5,1,0,math
497304,40,2,1,0,math
497304,55,4,1,0,math
497403,38,2,1,0,math
497403,59,5,1,0,math
499703,51,5,1,0,math
502802,35,3,1,0,math
502802,51,4,1,0,math
502802,70,6,1,0,math
503201,61,3,1,0,math
503201,61,5,1,0,math
503201,73,7,1,0,math
504101,62,3,1,0,math
504101,60,5,1,0,math
506601,28,3,1,0,math
506601,42,6,1,0,math
506602,39,3,1,0,math
506602,45,5,1,0,math
509801,35,3,1,0,math
509801,45,5,1,0,math
509802,36,3,1,0,math
509802,50,5,1,0,math
510002,29,3,1,0,math
510002,52,5,1,0,math
510002,60,7,1,0,math
510002,69,8,1,0,math
510301,37,3,1,0,math
510301,49,4,1,0,math
510301,42,6,1,0,math
510401,30,2,1,0,math
510401,52,4,1,0,math
511901,39,3,1,0,math
511901,48,5,1,0,math
511901,58,7,1,0,math
513404,30,3,1,0,math
513404,42,5,1,0,math
513404,62,7,1,0,math
513405,45,3,1,0,math
513405,35,5,1,0,math
515102,38,2,1,0,math
515102,64,4,1,0,math
515102,61,5,1,0,math
515102,66,8,1,0,math
516401,51,5,1,0,math
518003,50,3,1,0,math
518003,67,7,1,0,math
519101,17,3,1,0,math
519101,25,5,1,0,math
519503,47,4,1,0,math
519503,46,6,1,0,math
519503,53,8,1,0,math
521602,37,4,1,0,math
521602,47,5,1,0,math
521602,43,7,1,0,math
522401,31,3,1,0,math
522401,38,5,1,0,math
523101,27,3,1,0,math
523101,51,6,1,0,math
523101,53,8,1,0,math
523201,26,2,1,0,math
523201,46,5,1,0,math
523201,51,7,1,0,math
523202,30,2,1,0,math
523202,40,3,1,0,math
524701,42,4,1,0,math
524701,48,6,1,0,math
524702,35,2,1,0,math
524702,53,4,1,0,math
524702,52,7,1,0,math
525801,66,4,1,0,math
525801,58,6,1,0,math
525801,80,8,1,0,math
527204,27,2,1,0,math
527204,53,6,1,0,math
527204,49,8,1,0,math
531401,36,2,1,0,math
531401,65,6,1,0,math
531402,64,4,1,0,math
531402,61,6,1,0,math
531404,53,3,1,0,math
531404,61,5,1,0,math
531704,39,3,1,0,math
531704,43,5,1,0,math
532601,55,4,1,0,math
532601,53,6,1,0,math
532802,47,3,1,0,math
532802,44,6,1,0,math
533002,26,3,1,0,math
533002,55,6,1,0,math
533003,57,3,1,0,math
533003,67,6,1,0,math
534103,60,2,1,0,math
534103,66,4,1,0,math
534103,78,6,1,0,math
537002,56,4,1,0,math
537002,56,5,1,0,math
537002,51,7,1,0,math
537302,35,2,1,0,math
537302,52,5,1,0,math
537302,65,6,1,0,math
537304,51,2,1,0,math
537304,75,6,1,0,math
537602,37,2,1,0,math
537602,46,5,1,0,math
537602,64,6,1,0,math
538102,32,2,1,0,math
538102,47,5,1,0,math
538703,26,2,1,0,math
538703,52,4,1,0,math
538703,64,6,1,0,math
538704,45,2,1,0,math
538704,51,4,1,0,math
542702,41,3,1,0,math
542702,46,5,1,0,math
542702,52,7,1,0,math
542703,31,2,1,0,math
542703,33,5,1,0,math
542703,50,6,1,0,math
542802,61,3,1,0,math
542802,61,5,1,0,math
543601,35,2,1,0,math
543601,44,5,1,0,math
543601,47,7,1,0,math
543601,49,8,1,0,math
543602,28,3,1,0,math
543602,32,5,1,0,math
543602,51,6,1,0,math
545402,27,3,1,0,math
546505,28,2,1,0,math
546505,31,6,1,0,math
546505,35,8,1,0,math
546702,21,3,1,0,math
547701,38,3,1,0,math
547701,52,5,1,0,math
548501,51,4,1,0,math
548501,48,6,1,0,math
548501,57,8,1,0,math
549801,43,3,1,0,math
549801,43,5,1,0,math
550901,22,2,1,0,math
550901,36,6,1,0,math
551501,22,2,1,0,math
551501,32,4,1,0,math
552203,52,3,1,0,math
552203,54,6,1,0,math
553701,23,3,1,0,math
553701,45,5,1,0,math
553701,53,8,1,0,math
553702,37,3,1,0,math
553702,47,6,1,0,math
556101,27,2,1,0,math
556101,35,4,1,0,math
556101,46,5,1,0,math
556101,39,7,1,0,math
556801,39,3,1,0,math
556801,50,6,1,0,math
558301,38,4,1,0,math
558301,38,6,1,0,math
558301,45,8,1,0,math
559302,28,3,1,0,math
559302,46,5,1,0,math
560902,38,3,1,0,math
560902,41,5,1,0,math
560902,47,7,1,0,math
561202,43,3,1,0,math
561202,45,5,1,0,math
561402,41,3,1,0,math
561402,46,6,1,0,math
564001,48,4,1,0,math
564001,41,6,1,0,math
564001,42,8,1,0,math
564002,16,2,1,0,math
564002,35,4,1,0,math
564002,45,8,1,0,math
565601,30,2,1,0,math
565601,62,3,1,0,math
565601,66,6,1,0,math
567002,49,3,1,0,math
567002,53,5,1,0,math
570601,45,4,1,0,math
570601,48,6,1,0,math
571201,46,4,1,0,math
571201,34,5,1,0,math
571801,42,4,1,0,math
571801,60,6,1,0,math
571802,48,3,1,0,math
571802,60,6,1,0,math
572402,25,3,1,0,math
572402,44,5,1,0,math
572402,46,7,1,0,math
572801,26,2,1,0,math
572801,44,3,1,0,math
572801,60,5,1,0,math
572801,68,7,1,0,math
572802,45,3,1,0,math
572802,50,6,1,0,math
572802,61,7,1,0,math
572803,43,4,1,0,math
572803,56,5,1,0,math
572803,60,7,1,0,math
574003,26,2,1,0,math
574003,42,6,1,0,math
574102,40,4,1,0,math
574102,57,7,1,0,math
574602,42,2,1,0,math
574602,49,4,1,0,math
574603,52,5,1,0,math
574603,68,7,1,0,math
580202,60,4,1,0,math
580202,61,6,1,0,math
581303,29,2,1,0,math
581303,46,6,1,0,math
581802,35,4,1,0,math
581802,43,6,1,0,math
581802,54,8,1,0,math
586102,32,2,1,0,math
586102,63,6,1,0,math
587301,25,2,1,0,math
587301,42,3,1,0,math
587301,43,6,1,0,math
587301,47,7,1,0,math
587303,33,3,1,0,math
591903,46,2,1,0,math
591903,61,5,1,0,math
594102,25,2,1,0,math
594102,62,6,1,0,math
600203,22,2,1,0,math
600203,40,6,1,0,math
602301,35,3,1,0,math
602301,48,4,1,0,math
602302,47,6,1,0,math
602304,44,4,1,0,math
602304,53,6,1,0,math
604004,33,3,1,0,math
604004,37,5,1,0,math
604004,46,8,1,0,math
604607,22,2,1,0,math
604607,45,5,1,0,math
604902,33,3,1,0,math
604902,44,6,1,0,math
607201,44,4,1,0,math
607201,51,6,1,0,math
607601,41,2,1,0,math
607601,30,4,1,0,math
607602,16,2,1,0,math
607602,33,5,1,0,math
607602,45,7,1,0,math
607802,42,4,1,0,math
607802,50,6,1,0,math
610101,33,4,1,0,math
610101,34,6,1,0,math
611802,26,2,1,0,math
611802,61,6,1,0,math
611802,61,8,1,0,math
613201,50,4,1,0,math
613201,59,6,1,0,math
613201,63,7,1,0,math
613402,38,4,1,0,math
613402,36,5,1,0,math
616105,41,2,1,0,math
616105,50,4,1,0,math
616105,55,6,1,0,math
616402,41,4,1,0,math
616402,47,5,1,0,math
616402,45,7,1,0,math
617501,18,2,1,0,math
617501,22,3,1,0,math
621501,45,3,1,0,math
621501,45,5,1,0,math
621701,54,2,1,0,math
621701,51,4,1,0,math
622001,37,3,1,0,math
622001,46,6,1,0,math
623801,43,3,1,0,math
623801,43,5,1,0,math
626201,47,2,1,0,math
626201,51,4,1,0,math
626201,67,7,1,0,math
627702,37,4,1,0,math
627702,42,5,1,0,math
627703,20,2,1,0,math
627703,44,6,1,0,math
627802,29,3,1,0,math
629404,46,3,1,0,math
629404,47,5,1,0,math
629404,63,6,1,0,math
629404,56,8,1,0,math
629502,57,5,1,0,math
631801,24,2,1,0,math
631801,44,5,1,0,math
631801,46,8,1,0,math
632205,16,2,1,0,math
632205,29,4,1,0,math
632702,31,4,1,0,math
632702,45,6,1,0,math
632703,30,3,1,0,math
632703,47,5,1,0,math
632704,45,6,1,0,math
634401,33,4,1,0,math
634401,41,6,1,0,math
634503,48,4,1,0,math
634503,50,6,1,0,math
635302,53,3,1,0,math
635302,44,5,1,0,math
636402,17,3,1,0,math
636802,43,3,1,0,math
636802,44,4,1,0,math
637110,20,2,1,0,math
637110,42,6,1,0,math
638402,40,2,1,0,math
638402,46,6,1,0,math
640002,21,2,1,0,math
640002,28,3,1,0,math
640402,31,4,1,0,math
640402,43,6,1,0,math
642601,24,2,1,0,math
642601,27,4,1,0,math
642701,26,2,1,0,math
642701,42,5,1,0,math
642702,31,4,1,0,math
642901,43,3,1,0,math
642901,44,5,1,0,math
642902,20,2,1,0,math
642902,47,5,1,0,math
642902,48,7,1,0,math
642903,19,2,1,0,math
642903,41,5,1,0,math
642903,46,7,1,0,math
642904,40,4,1,0,math
642904,47,6,1,0,math
643402,26,3,1,0,math
643402,37,5,1,0,math
643402,41,7,1,0,math
644203,35,3,1,0,math
644203,52,6,1,0,math
644203,46,7,1,0,math
644901,29,4,1,0,math
644901,30,6,1,0,math
648601,35,3,1,0,math
648601,43,5,1,0,math
648602,42,4,1,0,math
648602,47,6,1,0,math
651601,22,3,1,0,math
651601,41,5,1,0,math
651601,42,7,1,0,math
665803,34,6,1,0,math
665803,46,7,1,0,math
668403,31,2,1,0,math
668403,46,6,1,0,math
669301,53,5,1,0,math
671102,43,3,1,0,math
671102,50,5,1,0,math
671102,63,6,1,0,math
675701,30,4,1,0,math
675701,44,5,1,0,math
675701,48,7,1,0,math
677201,32,3,1,0,math
677201,58,5,1,0,math
677201,56,6,1,0,math
677202,34,3,1,0,math
677202,42,4,1,0,math
678804,38,3,1,0,math
678804,44,4,1,0,math
681601,29,2,1,0,math
681601,60,6,1,0,math
682502,36,3,1,0,math
682903,48,3,1,0,math
682903,46,5,1,0,math
684201,62,3,1,0,math
684201,69,6,1,0,math
684201,73,8,1,0,math
684203,41,2,1,0,math
684203,71,5,1,0,math
687602,45,3,1,0,math
687602,49,5,1,0,math
689101,38,2,1,0,math
689101,48,5,1,0,math
689101,52,6,1,0,math
690101,32,2,1,0,math
690101,45,4,1,0,math
690101,48,6,1,0,math
690101,46,8,1,0,math
693001,47,4,1,0,math
693001,46,6,1,0,math
693001,53,7,1,0,math
696601,31,2,1,0,math
696601,36,3,1,0,math
696601,48,6,1,0,math
700002,20,4,1,0,math
700002,34,5,1,0,math
700002,42,7,1,0,math
700003,17,3,1,0,math
707701,36,4,1,0,math
707701,51,6,1,0,math
708401,62,4,1,0,math
708401,68,5,1,0,math
711602,21,3,1,0,math
711602,40,5,1,0,math
711602,42,7,1,0,math
711603,29,3,1,0,math
711603,45,5,1,0,math
712303,47,3,1,0,math
712303,44,6,1,0,math
712303,46,8,1,0,math
714801,40,3,1,0,math
714801,42,5,1,0,math
714801,50,7,1,0,math
714802,44,2,1,0,math
714802,56,4,1,0,math
714802,51,6,1,0,math
715601,34,3,1,0,math
715601,65,6,1,0,math
715803,18,2,1,0,math
715803,27,3,1,0,math
715803,33,5,1,0,math
716601,48,2,1,0,math
716601,74,6,1,0,math
716601,75,8,1,0,math
716602,55,4,1,0,math
716602,69,6,1,0,math
716602,64,8,1,0,math
717002,26,2,1,0,math
717002,48,6,1,0,math
717003,32,2,1,0,math
717003,34,5,1,0,math
717901,34,4,1,0,math
717901,38,7,1,0,math
717902,25,3,1,0,math
717902,45,4,1,0,math
717902,49,8,1,0,math
717903,26,2,1,0,math
717903,41,4,1,0,math
717903,47,7,1,0,math
718602,36,3,1,0,math
718602,41,5,1,0,math
718602,70,6,1,0,math
718602,64,8,1,0,math
722401,47,4,1,0,math
722401,51,6,1,0,math
722401,51,8,1,0,math
722803,57,4,1,0,math
722803,58,6,1,0,math
723501,34,2,1,0,math
723501,48,4,1,0,math
725801,27,3,1,0,math
725801,58,5,1,0,math
725903,20,3,1,0,math
725903,29,6,1,0,math
725903,26,8,1,0,math
737702,31,3,1,0,math
737702,48,4,1,0,math
738201,25,2,1,0,math
738201,40,4,1,0,math
738201,54,5,1,0,math
738201,47,7,1,0,math
739002,26,2,1,0,math
739002,34,4,1,0,math
739002,43,6,1,0,math
739002,43,8,1,0,math
739102,25,2,1,0,math
739102,44,6,1,0,math
739301,24,2,1,0,math
739301,46,4,1,0,math
739301,47,8,1,0,math
739401,40,2,1,0,math
739401,51,4,1,0,math
739401,64,8,1,0,math
739601,51,3,1,0,math
739601,51,5,1,0,math
742301,41,4,1,0,math
742301,51,5,1,0,math
743601,37,2,1,0,math
743601,45,5,1,0,math
743602,44,4,1,0,math
743602,35,5,1,0,math
743602,36,7,1,0,math
743801,30,3,1,0,math
743801,48,5,1,0,math
743801,49,6,1,0,math
743802,26,2,1,0,math
743802,29,4,1,0,math
744102,14,2,1,0,math
744102,23,4,1,0,math
744102,42,5,1,0,math
744103,40,6,1,0,math
744703,38,4,1,0,math
744703,50,5,1,0,math
744704,18,2,1,0,math
744704,42,4,1,0,math
744704,42,6,1,0,math
745103,57,5,1,0,math
745103,59,7,1,0,math
745904,46,3,1,0,math
748003,42,3,1,0,math
748003,46,6,1,0,math
748502,32,2,1,0,math
748502,53,4,1,0,math
748502,59,7,1,0,math
749802,48,3,1,0,math
749802,68,5,1,0,math
749802,60,7,1,0,math
749803,46,3,1,0,math
749803,41,5,1,0,math
750104,21,2,1,0,math
750104,33,5,1,0,math
750404,48,3,1,0,math
750404,51,5,1,0,math
750404,48,7,1,0,math
751001,29,3,1,0,math
751001,41,5,1,0,math
752003,42,2,1,0,math
752003,46,6,1,0,math
752501,35,2,1,0,math
752501,43,4,1,0,math
760102,34,2,1,0,math
760102,47,6,1,0,math
763603,29,2,1,0,math
763603,42,5,1,0,math
764503,45,4,1,0,math
764503,48,6,1,0,math
765702,48,3,1,0,math
765702,48,5,1,0,math
767901,37,2,1,0,math
767901,52,5,1,0,math
771002,28,4,1,0,math
771002,47,5,1,0,math
771002,49,7,1,0,math
775002,49,3,1,0,math
775002,60,5,1,0,math
778902,22,3,1,0,math
778902,44,4,1,0,math
778902,41,7,1,0,math
778903,44,3,1,0,math
778903,45,4,1,0,math
778903,42,7,1,0,math
783001,25,2,1,0,math
783001,34,3,1,0,math
783001,47,8,1,0,math
783002,50,5,1,0,math
783002,51,7,1,0,math
783301,44,3,1,0,math
783301,65,5,1,0,math
783502,34,2,1,0,math
783502,49,5,1,0,math
783602,35,2,1,0,math
783602,43,5,1,0,math
783801,31,3,1,0,math
783801,52,4,1,0,math
785601,37,2,1,0,math
785601,56,6,1,0,math
786402,48,3,1,0,math
786402,58,6,1,0,math
788302,25,3,1,0,math
788302,30,4,1,0,math
788303,14,2,1,0,math
788303,27,3,1,0,math
788303,47,7,1,0,math
792103,23,2,1,0,math
792103,48,4,1,0,math
792704,34,4,1,0,math
792704,50,5,1,0,math
792704,48,7,1,0,math
793001,23,2,1,0,math
793001,48,4,1,0,math
793001,61,7,1,0,math
794301,23,2,1,0,math
794301,24,4,1,0,math
794503,34,4,1,0,math
794503,46,6,1,0,math
794503,51,8,1,0,math
795201,35,3,1,0,math
795201,40,5,1,0,math
795201,47,8,1,0,math
795901,41,2,1,0,math
795901,48,4,1,0,math
799803,63,3,1,0,math
799803,66,5,1,0,math
800602,50,4,1,0,math
800602,51,6,1,0,math
804701,26,3,1,0,math
804701,50,5,1,0,math
804701,50,6,1,0,math
804702,31,2,1,0,math
804702,48,3,1,0,math
804702,43,6,1,0,math
809102,40,2,1,0,math
809102,31,4,1,0,math
809102,46,5,1,0,math
809103,33,4,1,0,math
809103,41,5,1,0,math
809103,38,7,1,0,math
809301,24,2,1,0,math
809301,46,3,1,0,math
809301,29,5,1,0,math
810303,39,3,1,0,math
810303,49,4,1,0,math
811002,30,3,1,0,math
812504,45,3,1,0,math
814101,33,2,1,0,math
814101,40,4,1,0,math
817402,40,3,1,0,math
817402,47,5,1,0,math
817402,47,7,1,0,math
817403,28,2,1,0,math
817403,39,4,1,0,math
817403,41,7,1,0,math
817404,30,3,1,0,math
817404,41,5,1,0,math
817404,46,8,1,0,math
822602,39,2,1,0,math
822602,61,5,1,0,math
825702,24,3,1,0,math
825702,44,6,1,0,math
825902,22,2,1,0,math
825902,31,4,1,0,math
825903,33,2,1,0,math
825903,47,6,1,0,math
825903,50,7,1,0,math
826503,37,2,1,0,math
826503,58,6,1,0,math
826503,55,8,1,0,math
826504,18,4,1,0,math
826504,24,6,1,0,math
826904,15,2,1,0,math
826904,20,4,1,0,math
826904,25,6,1,0,math
826905,21,2,1,0,math
826905,29,4,1,0,math
827101,45,4,1,0,math
827101,53,5,1,0,math
827302,24,2,1,0,math
827302,40,4,1,0,math
827302,46,5,1,0,math
828302,44,3,1,0,math
828302,50,6,1,0,math
828302,63,8,1,0,math
828604,42,3,1,0,math
828604,43,6,1,0,math
828902,45,3,1,0,math
828902,42,5,1,0,math
828903,39,3,1,0,math
828903,43,5,1,0,math
828903,52,7,1,0,math
828905,18,3,1,0,math
828905,41,5,1,0,math
828905,37,7,1,0,math
829401,37,6,1,0,math
829401,44,7,1,0,math
829403,46,4,1,0,math
829403,60,6,1,0,math
833601,31,2,1,0,math
833601,46,5,1,0,math
834301,49,4,1,0,math
834301,59,8,1,0,math
835202,45,3,1,0,math
835202,44,5,1,0,math
835703,37,4,1,0,math
835703,44,6,1,0,math
835703,64,8,1,0,math
837503,27,2,1,0,math
837503,45,6,1,0,math
837504,27,4,1,0,math
837504,50,6,1,0,math
837602,18,2,1,0,math
837602,31,4,1,0,math
838301,24,2,1,0,math
838301,38,5,1,0,math
838903,35,2,1,0,math
838903,60,6,1,0,math
841601,41,3,1,0,math
841601,44,5,1,0,math
841601,63,7,1,0,math
841602,37,2,1,0,math
841602,45,4,1,0,math
846301,50,2,1,0,math
846301,66,6,1,0,math
846301,72,8,1,0,math
847301,39,2,1,0,math
847301,45,5,1,0,math
847301,44,7,1,0,math
847302,47,4,1,0,math
847302,53,5,1,0,math
847302,60,7,1,0,math
847701,59,4,1,0,math
847701,65,6,1,0,math
847901,32,2,1,0,math
847901,47,5,1,0,math
847902,26,2,1,0,math
847902,42,4,1,0,math
848201,35,2,1,0,math
848201,49,4,1,0,math
848201,67,6,1,0,math
849401,32,3,1,0,math
849401,53,5,1,0,math
849401,56,8,1,0,math
853202,37,3,1,0,math
853202,45,5,1,0,math
853202,60,7,1,0,math
856103,30,3,1,0,math
856103,37,4,1,0,math
857003,40,4,1,0,math
857003,43,6,1,0,math
858302,34,2,1,0,math
858302,43,5,1,0,math
858302,50,8,1,0,math
861503,23,2,1,0,math
861503,42,4,1,0,math
861503,52,7,1,0,math
861803,21,2,1,0,math
861803,46,3,1,0,math
861803,48,5,1,0,math
862201,51,3,1,0,math
862201,54,5,1,0,math
863101,22,2,1,0,math
863101,36,4,1,0,math
863403,31,3,1,0,math
863403,43,6,1,0,math
864302,47,4,1,0,math
864302,54,6,1,0,math
866203,24,3,1,0,math
866203,48,6,1,0,math
866205,34,3,1,0,math
866205,47,5,1,0,math
866402,35,3,1,0,math
866402,48,5,1,0,math
867903,48,3,1,0,math
867903,59,4,1,0,math
867903,66,6,1,0,math
869001,24,2,1,0,math
869001,34,4,1,0,math
869501,35,4,1,0,math
869501,60,6,1,0,math
869601,26,3,1,0,math
869601,35,5,1,0,math
870803,67,6,1,0,math
878701,14,2,1,0,math
878701,19,3,1,0,math
879403,54,2,1,0,math
879403,70,6,1,0,math
879404,43,2,1,0,math
879404,48,4,1,0,math
885801,50,4,1,0,math
885801,59,6,1,0,math
885801,64,8,1,0,math
885802,22,3,1,0,math
885802,23,5,1,0,math
885802,31,7,1,0,math
886401,47,3,1,0,math
886401,60,4,1,0,math
886401,61,6,1,0,math
886401,80,8,1,0,math
891202,31,3,1,0,math
891202,53,6,1,0,math
892601,27,3,1,0,math
892601,43,5,1,0,math
894201,32,3,1,0,math
894201,44,4,1,0,math
894201,47,7,1,0,math
894802,52,4,1,0,math
894802,55,6,1,0,math
894803,36,3,1,0,math
894803,40,5,1,0,math
894804,28,3,1,0,math
894804,42,4,1,0,math
894804,41,6,1,0,math
894804,54,8,1,0,math
897001,31,3,1,0,math
897001,45,5,1,0,math
897001,52,8,1,0,math
905003,35,4,1,0,math
905003,46,6,1,0,math
905003,46,8,1,0,math
907001,44,3,1,0,math
907001,47,6,1,0,math
908102,31,2,1,0,math
908102,43,4,1,0,math
910103,23,2,1,0,math
910103,34,4,1,0,math
911701,31,2,1,0,math
911701,46,4,1,0,math
911701,54,6,1,0,math
914402,48,3,1,0,math
914402,51,5,1,0,math
918002,45,4,1,0,math
918002,49,5,1,0,math
918201,45,4,1,0,math
918201,53,6,1,0,math
918202,40,3,1,0,math
918202,47,5,1,0,math
918301,33,3,1,0,math
918301,62,6,1,0,math
922901,49,3,1,0,math
922901,49,5,1,0,math
925503,40,4,1,0,math
925503,49,6,1,0,math
925503,56,8,1,0,math
925504,30,2,1,0,math
925504,35,5,1,0,math
925701,47,5,1,0,math
926102,24,3,1,0,math
926102,39,6,1,0,math
928101,40,4,1,0,math
928101,45,6,1,0,math
929805,41,3,1,0,math
929805,51,5,1,0,math
931202,45,3,1,0,math
931202,50,5,1,0,math
931202,80,8,1,0,math
931703,20,2,1,0,math
931703,49,5,1,0,math
938001,26,2,1,0,math
938001,46,4,1,0,math
938001,54,8,1,0,math
938002,31,2,1,0,math
938002,44,6,1,0,math
938205,36,2,1,0,math
938205,50,4,1,0,math
940103,47,6,1,0,math
951602,27,2,1,0,math
951602,42,8,1,0,math
952201,31,3,1,0,math
952201,39,5,1,0,math
964101,39,2,1,0,math
964101,49,4,1,0,math
964102,48,2,1,0,math
964102,50,4,1,0,math
966001,59,4,1,0,math
966001,65,6,1,0,math
968001,50,3,1,0,math
968001,44,5,1,0,math
968001,46,7,1,0,math
968002,24,2,1,0,math
968002,43,4,1,0,math
968002,48,5,1,0,math
968003,22,2,1,0,math
968003,48,5,1,0,math
968401,37,3,1,0,math
968401,46,5,1,0,math
968401,59,6,1,0,math
968402,58,5,1,0,math
968402,74,7,1,0,math
976803,40,6,1,0,math
982001,36,3,1,0,math
982001,39,6,1,0,math
983703,39,3,1,0,math
983703,50,5,1,0,math
983902,37,3,1,0,math
983902,46,5,1,0,math
983902,54,6,1,0,math
983903,28,2,1,0,math
983903,51,5,1,0,math
983903,47,7,1,0,math
984402,39,4,1,0,math
984402,46,6,1,0,math
984404,41,3,1,0,math
984404,52,8,1,0,math
985802,32,3,1,0,math
985802,44,5,1,0,math
985802,51,8,1,0,math
985803,42,2,1,0,math
985803,45,4,1,0,math
986203,39,3,1,0,math
986203,43,6,1,0,math
986203,42,8,1,0,math
986505,46,3,1,0,math
986505,48,5,1,0,math
986505,47,7,1,0,math
986506,39,2,1,0,math
986506,38,4,1,0,math
986506,36,6,1,0,math
987401,18,2,1,0,math
987401,43,4,1,0,math
987701,29,2,1,0,math
987701,44,5,1,0,math
987701,44,7,1,0,math
988701,27,2,1,0,math
988701,30,3,1,0,math
989201,44,5,1,0,math
989201,46,7,1,0,math
989503,30,3,1,0,math
989503,40,5,1,0,math
989503,45,7,1,0,math
992201,37,3,1,0,math
992201,59,5,1,0,math
992201,52,7,1,0,math
993803,43,3,1,0,math
993803,53,6,1,0,math
993803,60,7,1,0,math
995101,18,3,1,0,math
995101,19,4,1,0,math
995101,38,7,1,0,math
995102,17,2,1,0,math
995102,31,6,1,0,math
995304,43,3,1,0,math
997002,23,2,1,0,math
997002,40,4,1,0,math
998001,47,3,1,0,math
998001,45,5,1,0,math
999202,28,2,1,0,math
999202,42,4,1,0,math
999202,42,6,1,0,math
999203,34,2,1,0,math
999203,42,4,1,0,math
999203,49,8,1,0,math
1002601,20,2,1,0,math
1002601,29,5,1,0,math
1002601,42,8,1,0,math
1003202,28,3,1,0,math
1003202,45,5,1,0,math
1003202,47,6,1,0,math
1003203,26,3,1,0,math
1003203,38,4,1,0,math
1003203,40,7,1,0,math
1003204,28,3,1,0,math
1003601,50,4,1,0,math
1003601,53,6,1,0,math
1003802,44,3,1,0,math
1003802,67,6,1,0,math
1004802,28,3,1,0,math
1004802,49,7,1,0,math
1004903,15,2,1,0,math
1004903,48,4,1,0,math
1005201,31,3,1,0,math
1005201,41,5,1,0,math
1005203,47,3,1,0,math
1005203,59,5,1,0,math
1007201,47,4,1,0,math
1007201,45,6,1,0,math
1007201,56,7,1,0,math
1007301,12,2,1,0,math
1007301,37,4,1,0,math
1007301,44,8,1,0,math
1007302,15,2,1,0,math
1007302,41,6,1,0,math
1007901,30,3,1,0,math
1007901,50,4,1,0,math
1013201,25,3,1,0,math
1013201,36,5,1,0,math
1017504,14,3,1,0,math
1017504,33,6,1,0,math
1017504,49,8,1,0,math
1018402,27,3,1,0,math
1018402,44,6,1,0,math
1018404,40,4,1,0,math
1018404,48,6,1,0,math
1019104,46,4,1,0,math
1019104,47,6,1,0,math
1019105,29,4,1,0,math
1019105,45,6,1,0,math
1023702,42,3,1,0,math
1023702,54,6,1,0,math
1023702,57,7,1,0,math
1030801,57,5,1,0,math
1031001,31,2,1,0,math
1031001,54,3,1,0,math
1031001,66,6,1,0,math
1031001,71,7,1,0,math
1031002,43,4,1,0,math
1031002,54,5,1,0,math
1031002,68,7,1,0,math
1031302,20,2,1,0,math
1031302,38,4,1,0,math
1033202,15,2,1,0,math
1033202,37,3,1,0,math
1033601,30,3,1,0,math
1033601,40,4,1,0,math
1034001,30,2,1,0,math
1034001,40,4,1,0,math
1034001,43,6,1,0,math
1034001,48,8,1,0,math
1036001,25,3,1,0,math
1036001,63,6,1,0,math
1036003,42,4,1,0,math
1036003,45,6,1,0,math
1037502,29,2,1,0,math
1037502,48,6,1,0,math
1040101,40,3,1,0,math
1040101,62,5,1,0,math
1042101,30,3,1,0,math
1042101,48,4,1,0,math
1042101,43,7,1,0,math
1042201,30,3,1,0,math
1042201,41,5,1,0,math
1044801,37,2,1,0,math
1044801,52,4,1,0,math
1047801,30,2,1,0,math
1047801,46,4,1,0,math
1047801,45,6,1,0,math
1050001,32,3,1,0,math
1050001,42,4,1,0,math
1050001,48,6,1,0,math
1050701,19,3,1,0,math
1050701,52,6,1,0,math
1050701,57,8,1,0,math
1053201,43,3,1,0,math
1053201,48,6,1,0,math
1053202,29,2,1,0,math
1053202,35,5,1,0,math
1053802,22,2,1,0,math
1053802,46,4,1,0,math
1053804,26,3,1,0,math
1053804,35,4,1,0,math
1053804,42,6,1,0,math
1056501,35,4,1,0,math
1056501,47,6,1,0,math
1081101,37,4,1,0,math
1081101,44,6,1,0,math
1081103,32,3,1,0,math
1081103,50,6,1,0,math
1176403,38,3,1,0,math
1176403,40,6,1,0,math
1176502,24,2,1,0,math
1176502,46,5,1,0,math
1179201,44,3,1,0,math
1179201,54,5,1,0,math
1179201,53,7,1,0,math
1179202,33,2,1,0,math
1179202,50,4,1,0,math
1179202,47,6,1,0,math
1179202,63,7,1,0,math
1180202,35,2,1,0,math
1180202,53,6,1,0,math
1180202,48,8,1,0,math
1181201,25,2,1,0,math
1181201,26,5,1,0,math
1181902,35,3,1,0,math
1181902,45,6,1,0,math
1181904,28,3,1,0,math
1181904,42,6,1,0,math
1181904,52,8,1,0,math
1182604,38,3,1,0,math
1182604,47,6,1,0,math
1185003,14,2,1,0,math
1185003,40,5,1,0,math
1185003,44,7,1,0,math
1187001,49,3,1,0,math
1187001,50,5,1,0,math
1187001,55,7,1,0,math
1187303,51,4,1,0,math
1187303,63,6,1,0,math
1189901,51,4,1,0,math
1189901,62,5,1,0,math
1189901,67,7,1,0,math
1190501,38,4,1,0,math
1190501,51,6,1,0,math
1190501,50,7,1,0,math
1191001,45,4,1,0,math
1191001,59,6,1,0,math
1191901,44,3,1,0,math
1191901,58,5,1,0,math
1194901,23,2,1,0,math
1194901,42,4,1,0,math
1194901,61,6,1,0,math
1194901,64,8,1,0,math
1197902,21,2,1,0,math
1197902,44,6,1,0,math
1197902,43,7,1,0,math
1198101,36,3,1,0,math
1198101,40,4,1,0,math
1198901,52,2,1,0,math
1198901,67,3,1,0,math
1198901,63,5,1,0,math
1201701,44,4,1,0,math
1201701,43,5,1,0,math
1201702,34,2,1,0,math
1201702,44,3,1,0,math
1201702,48,8,1,0,math
1203201,44,3,1,0,math
1203201,42,5,1,0,math
1203201,49,8,1,0,math
1205201,28,4,1,0,math
1205201,53,6,1,0,math
1207601,49,3,1,0,math
1207601,56,5,1,0,math
1209201,44,4,1,0,math
1209201,45,5,1,0,math
1211502,40,2,1,0,math
1211502,60,3,1,0,math
1211502,58,5,1,0,math
1211503,49,3,1,0,math
1212303,37,3,1,0,math
1212303,44,5,1,0,math
1212303,56,6,1,0,math
1213501,15,2,1,0,math
1213501,64,6,1,0,math
1217202,46,4,1,0,math
1217202,46,6,1,0,math
1217202,46,8,1,0,math
1217204,26,3,1,0,math
1217204,43,4,1,0,math
1217702,32,3,1,0,math
1217704,50,6,1,0,math
1219103,32,3,1,0,math
1219103,35,5,1,0,math
1219103,51,8,1,0,math
1219105,25,5,1,0,math
1219105,42,6,1,0,math
1219106,21,4,1,0,math
1219106,37,5,1,0,math
1219108,50,4,1,0,math
1219108,64,6,1,0,math
1221003,37,2,1,0,math
1221003,52,6,1,0,math
1221702,44,5,1,0,math
1224001,50,3,1,0,math
1224001,46,6,1,0,math
1225402,33,2,1,0,math
1225402,43,4,1,0,math
1228103,40,3,1,0,math
1230302,26,2,1,0,math
1230302,26,4,1,0,math
1230302,42,6,1,0,math
1256601,29,4,1,0,math
1256601,44,6,1,0,math
1256601,47,7,1,0,math
201,0,3,0,1,hyp
201,0,5,0,1,hyp
303,1,2,0,1,hyp
303,1,5,0,1,hyp
2702,2,2,0,1,hyp
2702,3,4,0,1,hyp
2702,3,8,0,1,hyp
4303,1,3,0,1,hyp
4303,1,4,0,1,hyp
5002,3,4,0,1,hyp
5002,2,6,0,1,hyp
5002,3,8,0,1,hyp
5005,0,2,0,1,hyp
5005,3,4,0,1,hyp
5005,0,6,0,1,hyp
5005,1,8,0,1,hyp
5701,4,3,0,1,hyp
5701,3,4,0,1,hyp
6102,2,4,0,1,hyp
6102,0,5,0,1,hyp
6102,0,7,0,1,hyp
6801,0,3,0,1,hyp
6801,1,5,0,1,hyp
6801,1,7,0,1,hyp
6802,0,3,0,1,hyp
6802,0,5,0,1,hyp
6802,0,7,0,1,hyp
6803,0,3,0,1,hyp
6803,1,5,0,1,hyp
9603,NA,2,0,1,hyp
9603,0,4,0,1,hyp
12401,2,3,0,1,hyp
12401,1,4,0,1,hyp
12801,1,4,0,1,hyp
13702,0,3,0,1,hyp
13702,0,6,0,1,hyp
13702,0,7,0,1,hyp
13801,0,3,0,1,hyp
13801,0,5,0,1,hyp
13803,1,3,0,1,hyp
13803,0,5,0,1,hyp
17201,0,3,0,1,hyp
17201,2,5,0,1,hyp
18601,NA,4,0,1,hyp
22104,0,2,0,1,hyp
22104,NA,4,0,1,hyp
22901,2,3,0,1,hyp
22901,1,5,0,1,hyp
23602,2,4,0,1,hyp
23701,3,4,0,1,hyp
23701,4,6,0,1,hyp
24402,4,4,0,1,hyp
24402,1,5,0,1,hyp
26201,1,2,0,1,hyp
26201,0,5,0,1,hyp
26201,0,8,0,1,hyp
28503,3,2,0,1,hyp
28503,2,4,0,1,hyp
29201,1,2,0,1,hyp
29201,2,4,0,1,hyp
29201,0,7,0,1,hyp
29201,3,8,0,1,hyp
29202,0,2,0,1,hyp
29202,0,5,0,1,hyp
29202,0,6,0,1,hyp
34401,1,2,0,1,hyp
34401,1,4,0,1,hyp
34401,0,8,0,1,hyp
35401,2,3,0,1,hyp
35401,2,5,0,1,hyp
35401,1,7,0,1,hyp
35402,1,3,0,1,hyp
35402,1,5,0,1,hyp
35402,1,7,0,1,hyp
36901,0,3,0,1,hyp
36901,0,5,0,1,hyp
36901,1,7,0,1,hyp
36902,2,2,0,1,hyp
36902,3,4,0,1,hyp
36902,4,6,0,1,hyp
36902,4,8,0,1,hyp
37403,1,2,0,1,hyp
37403,0,6,0,1,hyp
38202,1,2,0,1,hyp
38202,4,3,0,1,hyp
38802,4,4,0,1,hyp
38802,2,6,0,1,hyp
40501,5,3,0,1,hyp
40501,3,6,0,1,hyp
40702,0,2,0,1,hyp
40702,1,4,0,1,hyp
40702,0,6,0,1,hyp
42504,3,4,0,1,hyp
42504,3,6,0,1,hyp
42505,3,3,0,1,hyp
42505,1,5,0,1,hyp
42505,3,7,0,1,hyp
43103,0,6,0,1,hyp
43103,0,8,0,1,hyp
45201,3,2,0,1,hyp
45201,3,4,0,1,hyp
45201,2,6,0,1,hyp
45903,1,3,0,1,hyp
45903,2,6,0,1,hyp
46201,2,3,0,1,hyp
46201,0,5,0,1,hyp
46201,0,7,0,1,hyp
47201,2,2,0,1,hyp
47201,1,4,0,1,hyp
47402,4,4,0,1,hyp
47402,5,6,0,1,hyp
47601,1,2,0,1,hyp
47601,0,4,0,1,hyp
47601,0,8,0,1,hyp
48502,0,2,0,1,hyp
48502,0,6,0,1,hyp
49501,2,2,0,1,hyp
49501,0,4,0,1,hyp
53601,3,3,0,1,hyp
53601,5,6,0,1,hyp
55201,2,5,0,1,hyp
55201,3,7,0,1,hyp
55801,1,4,0,1,hyp
55801,1,6,0,1,hyp
55801,1,7,0,1,hyp
56301,3,3,0,1,hyp
56301,0,5,0,1,hyp
56301,1,7,0,1,hyp
56302,0,3,0,1,hyp
56302,1,5,0,1,hyp
57604,2,2,0,1,hyp
57604,4,4,0,1,hyp
58503,3,3,0,1,hyp
58503,3,6,0,1,hyp
62102,5,3,0,1,hyp
62102,4,6,0,1,hyp
62103,1,2,0,1,hyp
62103,2,3,0,1,hyp
62103,3,5,0,1,hyp
62202,2,3,0,1,hyp
62202,2,5,0,1,hyp
62703,1,2,0,1,hyp
62703,2,6,0,1,hyp
64002,3,2,0,1,hyp
64002,1,6,0,1,hyp
65601,NA,3,0,1,hyp
65601,0,6,0,1,hyp
65701,1,4,0,1,hyp
65701,0,6,0,1,hyp
66002,1,2,0,1,hyp
66002,1,6,0,1,hyp
70801,5,4,0,1,hyp
70801,2,6,0,1,hyp
73602,1,2,0,1,hyp
73602,0,4,0,1,hyp
74602,1,2,0,1,hyp
74602,2,5,0,1,hyp
75603,1,2,0,1,hyp
75603,3,5,0,1,hyp
76402,1,4,0,1,hyp
76402,0,6,0,1,hyp
76403,2,3,0,1,hyp
76403,4,5,0,1,hyp
80102,1,3,0,1,hyp
80102,2,5,0,1,hyp
80102,2,8,0,1,hyp
82901,4,3,0,1,hyp
82901,2,6,0,1,hyp
83001,3,3,0,1,hyp
83001,3,6,0,1,hyp
83101,5,2,0,1,hyp
83101,4,4,0,1,hyp
83101,5,6,0,1,hyp
83101,5,8,0,1,hyp
83102,4,3,0,1,hyp
83102,5,5,0,1,hyp
83602,1,3,0,1,hyp
83602,2,6,0,1,hyp
83602,1,8,0,1,hyp
83603,3,3,0,1,hyp
83603,2,5,0,1,hyp
83603,1,6,0,1,hyp
85402,2,4,0,1,hyp
85402,2,5,0,1,hyp
87501,0,4,0,1,hyp
87501,1,6,0,1,hyp
87901,1,3,0,1,hyp
87901,2,4,0,1,hyp
88902,2,2,0,1,hyp
88902,2,3,0,1,hyp
88902,1,7,0,1,hyp
89303,0,3,0,1,hyp
89303,0,5,0,1,hyp
89803,1,3,0,1,hyp
89803,3,6,0,1,hyp
90002,3,4,0,1,hyp
90002,1,6,0,1,hyp
92303,1,3,0,1,hyp
92303,0,6,0,1,hyp
93202,5,3,0,1,hyp
93202,4,5,0,1,hyp
93901,5,3,0,1,hyp
93901,2,5,0,1,hyp
94002,2,2,0,1,hyp
94002,3,5,0,1,hyp
94002,2,7,0,1,hyp
96201,0,2,0,1,hyp
96201,1,6,0,1,hyp
96201,0,7,0,1,hyp
96202,0,4,0,1,hyp
96202,4,5,0,1,hyp
98102,4,2,0,1,hyp
98102,2,5,0,1,hyp
98102,2,6,0,1,hyp
101701,2,3,0,1,hyp
101701,2,5,0,1,hyp
101701,1,7,0,1,hyp
101702,4,2,0,1,hyp
101702,5,4,0,1,hyp
101702,5,6,0,1,hyp
101702,4,8,0,1,hyp
103501,2,2,0,1,hyp
103501,2,6,0,1,hyp
103501,4,8,0,1,hyp
108201,0,2,0,1,hyp
108201,0,4,0,1,hyp
113001,NA,3,0,1,hyp
113001,1,5,0,1,hyp
113001,3,7,0,1,hyp
113201,0,4,0,1,hyp
113201,3,5,0,1,hyp
114101,0,2,0,1,hyp
114101,0,6,0,1,hyp
114101,2,7,0,1,hyp
114702,4,4,0,1,hyp
114702,3,5,0,1,hyp
115901,1,2,0,1,hyp
115901,0,5,0,1,hyp
115901,0,8,0,1,hyp
116002,0,2,0,1,hyp
116002,0,8,0,1,hyp
116004,0,3,0,1,hyp
116004,0,5,0,1,hyp
118402,3,3,0,1,hyp
118402,2,4,0,1,hyp
118402,2,7,0,1,hyp
122301,0,3,0,1,hyp
122301,3,4,0,1,hyp
124201,4,3,0,1,hyp
124201,3,5,0,1,hyp
124402,5,3,0,1,hyp
124402,4,5,0,1,hyp
124402,4,7,0,1,hyp
125002,0,2,0,1,hyp
125002,0,4,0,1,hyp
125002,1,6,0,1,hyp
126101,2,2,0,1,hyp
126101,2,4,0,1,hyp
126101,1,6,0,1,hyp
129502,2,3,0,1,hyp
129502,5,5,0,1,hyp
129601,0,2,0,1,hyp
129601,5,4,0,1,hyp
129601,5,6,0,1,hyp
129601,5,7,0,1,hyp
129602,5,3,0,1,hyp
132301,0,3,0,1,hyp
132301,0,4,0,1,hyp
132402,2,3,0,1,hyp
132402,0,6,0,1,hyp
132402,0,7,0,1,hyp
132403,3,3,0,1,hyp
132403,0,5,0,1,hyp
132403,5,6,0,1,hyp
136001,4,6,0,1,hyp
138901,0,2,0,1,hyp
138901,1,4,0,1,hyp
138901,0,6,0,1,hyp
138902,3,3,0,1,hyp
138902,2,5,0,1,hyp
139902,0,2,0,1,hyp
139902,0,6,0,1,hyp
139902,0,8,0,1,hyp
140004,0,2,0,1,hyp
140004,2,5,0,1,hyp
140104,4,3,0,1,hyp
140104,5,6,0,1,hyp
140901,0,2,0,1,hyp
140901,3,3,0,1,hyp
140901,1,5,0,1,hyp
140902,3,2,0,1,hyp
140902,3,6,0,1,hyp
141001,3,3,0,1,hyp
141001,1,5,0,1,hyp
141601,1,3,0,1,hyp
141601,1,5,0,1,hyp
141603,3,2,0,1,hyp
141603,2,6,0,1,hyp
143901,NA,3,0,1,hyp
143901,5,5,0,1,hyp
144004,3,3,0,1,hyp
144004,0,5,0,1,hyp
144004,2,7,0,1,hyp
153203,2,2,0,1,hyp
153203,0,4,0,1,hyp
153203,1,6,0,1,hyp
153204,2,2,0,1,hyp
153204,4,4,0,1,hyp
153801,1,3,0,1,hyp
153801,2,6,0,1,hyp
155902,4,2,0,1,hyp
155902,1,5,0,1,hyp
156401,1,2,0,1,hyp
156401,1,4,0,1,hyp
156605,2,3,0,1,hyp
156605,1,5,0,1,hyp
158701,0,4,0,1,hyp
158701,0,6,0,1,hyp
158702,0,2,0,1,hyp
158702,1,4,0,1,hyp
158702,3,6,0,1,hyp
158702,2,8,0,1,hyp
159605,0,4,0,1,hyp
159605,5,5,0,1,hyp
159606,0,3,0,1,hyp
159606,4,5,0,1,hyp
159801,3,2,0,1,hyp
159801,0,6,0,1,hyp
159801,0,8,0,1,hyp
165501,4,3,0,1,hyp
165501,4,6,0,1,hyp
165602,0,4,0,1,hyp
165602,0,5,0,1,hyp
165602,1,7,0,1,hyp
165701,5,3,0,1,hyp
165701,5,5,0,1,hyp
165701,5,7,0,1,hyp
165801,3,4,0,1,hyp
165801,3,5,0,1,hyp
165801,2,7,0,1,hyp
166602,0,4,0,1,hyp
166602,0,6,0,1,hyp
166603,0,2,0,1,hyp
166603,0,4,0,1,hyp
167501,0,2,0,1,hyp
167501,2,4,0,1,hyp
167501,0,6,0,1,hyp
167502,3,2,0,1,hyp
167502,0,4,0,1,hyp
167502,2,6,0,1,hyp
169003,5,4,0,1,hyp
169003,4,6,0,1,hyp
169003,3,8,0,1,hyp
170403,3,3,0,1,hyp
170403,3,5,0,1,hyp
170403,3,8,0,1,hyp
170404,0,3,0,1,hyp
170404,0,6,0,1,hyp
171401,4,2,0,1,hyp
171401,2,5,0,1,hyp
171401,5,6,0,1,hyp
172502,4,2,0,1,hyp
172502,4,3,0,1,hyp
172502,1,5,0,1,hyp
172502,3,7,0,1,hyp
173001,1,2,0,1,hyp
173001,1,6,0,1,hyp
173001,4,8,0,1,hyp
173201,1,6,0,1,hyp
174001,4,2,0,1,hyp
174001,3,4,0,1,hyp
175405,3,2,0,1,hyp
175405,2,5,0,1,hyp
175801,4,3,0,1,hyp
175801,3,6,0,1,hyp
175801,3,8,0,1,hyp
176003,1,3,0,1,hyp
176003,2,5,0,1,hyp
178901,1,2,0,1,hyp
178901,0,6,0,1,hyp
179401,4,3,0,1,hyp
179401,3,6,0,1,hyp
179701,5,3,0,1,hyp
179701,3,6,0,1,hyp
179701,3,8,0,1,hyp
180301,0,3,0,1,hyp
180301,1,6,0,1,hyp
180301,0,8,0,1,hyp
181801,4,4,0,1,hyp
181801,3,6,0,1,hyp
182903,5,5,0,1,hyp
185304,0,3,0,1,hyp
185304,1,5,0,1,hyp
187803,0,2,0,1,hyp
187803,0,6,0,1,hyp
188002,1,2,0,1,hyp
188002,1,4,0,1,hyp
188002,0,8,0,1,hyp
188502,0,3,0,1,hyp
188502,2,5,0,1,hyp
189601,4,3,0,1,hyp
189601,3,6,0,1,hyp
189601,3,7,0,1,hyp
189602,5,3,0,1,hyp
189602,5,4,0,1,hyp
189602,4,8,0,1,hyp
190202,2,3,0,1,hyp
190202,0,6,0,1,hyp
190501,0,4,0,1,hyp
190501,1,6,0,1,hyp
191202,3,2,0,1,hyp
191202,5,3,0,1,hyp
191202,3,5,0,1,hyp
191202,3,7,0,1,hyp
193601,0,2,0,1,hyp
193601,0,4,0,1,hyp
193601,0,6,0,1,hyp
193803,1,3,0,1,hyp
193803,2,5,0,1,hyp
193803,2,7,0,1,hyp
196002,2,2,0,1,hyp
196002,0,4,0,1,hyp
196201,5,3,0,1,hyp
196201,NA,5,0,1,hyp
196201,0,7,0,1,hyp
196202,1,3,0,1,hyp
196202,0,6,0,1,hyp
196202,0,8,0,1,hyp
204602,0,3,0,1,hyp
204602,0,5,0,1,hyp
205802,1,3,0,1,hyp
205802,2,6,0,1,hyp
205802,1,8,0,1,hyp
207102,0,3,0,1,hyp
207102,0,6,0,1,hyp
207202,3,2,0,1,hyp
207202,NA,5,0,1,hyp
207202,4,6,0,1,hyp
207301,NA,4,0,1,hyp
207301,3,6,0,1,hyp
212001,1,3,0,1,hyp
212001,1,5,0,1,hyp
212001,2,7,0,1,hyp
213101,5,2,0,1,hyp
213101,3,4,0,1,hyp
213702,2,4,0,1,hyp
213702,0,5,0,1,hyp
213702,2,7,0,1,hyp
215304,5,3,0,1,hyp
215304,5,5,0,1,hyp
215304,2,8,0,1,hyp
216701,1,3,0,1,hyp
216701,1,5,0,1,hyp
217402,5,3,0,1,hyp
217402,5,6,0,1,hyp
219003,0,2,0,1,hyp
219003,0,5,0,1,hyp
219003,0,7,0,1,hyp
220401,3,2,0,1,hyp
220401,1,4,0,1,hyp
221202,0,3,0,1,hyp
221202,0,6,0,1,hyp
223002,2,3,0,1,hyp
223002,4,5,0,1,hyp
224901,2,2,0,1,hyp
224901,1,3,0,1,hyp
224901,1,7,0,1,hyp
226001,4,3,0,1,hyp
226001,3,5,0,1,hyp
226502,4,3,0,1,hyp
226502,3,5,0,1,hyp
226502,4,7,0,1,hyp
226704,3,3,0,1,hyp
226704,5,5,0,1,hyp
226704,4,6,0,1,hyp
227002,3,4,0,1,hyp
227002,5,6,0,1,hyp
227002,4,7,0,1,hyp
227101,0,3,0,1,hyp
227101,1,5,0,1,hyp
227101,4,8,0,1,hyp
227102,1,4,0,1,hyp
227102,0,5,0,1,hyp
227102,0,7,0,1,hyp
227201,1,4,0,1,hyp
227201,2,6,0,1,hyp
227201,4,8,0,1,hyp
231502,1,3,0,1,hyp
231502,1,4,0,1,hyp
233301,2,3,0,1,hyp
233301,3,6,0,1,hyp
233901,2,3,0,1,hyp
233901,0,5,0,1,hyp
233902,2,3,0,1,hyp
233902,0,5,0,1,hyp
235503,0,3,0,1,hyp
235503,3,5,0,1,hyp
236002,3,3,0,1,hyp
236002,3,5,0,1,hyp
236002,4,6,0,1,hyp
236201,4,3,0,1,hyp
236201,3,4,0,1,hyp
236202,3,2,0,1,hyp
236202,1,4,0,1,hyp
236901,0,3,0,1,hyp
236901,0,6,0,1,hyp
237501,3,3,0,1,hyp
237501,3,6,0,1,hyp
237501,4,8,0,1,hyp
238301,1,3,0,1,hyp
238301,1,7,0,1,hyp
239603,0,3,0,1,hyp
239603,4,6,0,1,hyp
239603,4,8,0,1,hyp
239604,1,2,0,1,hyp
239604,2,3,0,1,hyp
239604,4,6,0,1,hyp
240701,4,3,0,1,hyp
240701,4,5,0,1,hyp
240701,4,7,0,1,hyp
240702,3,2,0,1,hyp
240702,4,6,0,1,hyp
244201,1,3,0,1,hyp
244201,0,4,0,1,hyp
244702,3,3,0,1,hyp
244702,4,5,0,1,hyp
245903,4,3,0,1,hyp
245903,3,6,0,1,hyp
248402,0,3,0,1,hyp
250502,3,3,0,1,hyp
250502,4,7,0,1,hyp
252902,2,2,0,1,hyp
252902,3,5,0,1,hyp
253001,5,3,0,1,hyp
253001,5,6,0,1,hyp
253603,3,3,0,1,hyp
253603,4,5,0,1,hyp
253802,2,2,0,1,hyp
253802,4,4,0,1,hyp
253802,3,7,0,1,hyp
253802,3,8,0,1,hyp
254901,4,4,0,1,hyp
254901,3,6,0,1,hyp
255201,1,2,0,1,hyp
255201,0,4,0,1,hyp
255901,3,3,0,1,hyp
255901,4,4,0,1,hyp
255901,2,7,0,1,hyp
255902,5,2,0,1,hyp
255902,2,5,0,1,hyp
255902,3,6,0,1,hyp
255903,2,3,0,1,hyp
255903,NA,5,0,1,hyp
258801,0,3,0,1,hyp
258801,2,6,0,1,hyp
260702,0,3,0,1,hyp
260702,0,4,0,1,hyp
261501,5,2,0,1,hyp
261501,1,4,0,1,hyp
261501,4,6,0,1,hyp
261502,5,4,0,1,hyp
261502,5,6,0,1,hyp
261502,2,7,0,1,hyp
261503,5,2,0,1,hyp
261503,5,5,0,1,hyp
261503,5,6,0,1,hyp
262601,5,3,0,1,hyp
262601,3,5,0,1,hyp
262601,1,7,0,1,hyp
262602,4,3,0,1,hyp
262602,4,5,0,1,hyp
263801,4,3,0,1,hyp
263801,4,4,0,1,hyp
265902,0,2,0,1,hyp
265902,1,4,0,1,hyp
265902,0,8,0,1,hyp
268301,5,3,0,1,hyp
268301,4,4,0,1,hyp
268303,5,3,0,1,hyp
268303,5,5,0,1,hyp
268901,4,2,0,1,hyp
268901,5,5,0,1,hyp
268902,5,2,0,1,hyp
268902,1,6,0,1,hyp
269001,4,3,0,1,hyp
269001,4,6,0,1,hyp
269101,0,3,0,1,hyp
269101,0,5,0,1,hyp
269101,0,8,0,1,hyp
269102,4,3,0,1,hyp
269102,2,5,0,1,hyp
269102,1,7,0,1,hyp
269902,0,3,0,1,hyp
269902,0,5,0,1,hyp
271001,0,2,0,1,hyp
271001,0,6,0,1,hyp
272903,4,2,0,1,hyp
272903,2,4,0,1,hyp
272903,3,6,0,1,hyp
273501,3,2,0,1,hyp
273501,4,4,0,1,hyp
273501,4,6,0,1,hyp
273501,2,8,0,1,hyp
274401,4,4,0,1,hyp
274401,4,6,0,1,hyp
277002,1,4,0,1,hyp
277002,0,6,0,1,hyp
277002,0,8,0,1,hyp
277003,1,4,0,1,hyp
277003,1,6,0,1,hyp
277003,0,8,0,1,hyp
277502,0,3,0,1,hyp
277502,2,6,0,1,hyp
278103,2,3,0,1,hyp
278103,1,5,0,1,hyp
278103,1,7,0,1,hyp
281001,0,3,0,1,hyp
281001,0,6,0,1,hyp
281901,3,4,0,1,hyp
281901,0,6,0,1,hyp
282602,0,4,0,1,hyp
282602,0,5,0,1,hyp
282603,NA,3,0,1,hyp
282603,1,4,0,1,hyp
287702,5,4,0,1,hyp
287702,5,6,0,1,hyp
288501,0,3,0,1,hyp
288501,1,6,0,1,hyp
288501,1,8,0,1,hyp
290901,0,4,0,1,hyp
290901,0,6,0,1,hyp
290902,3,2,0,1,hyp
290902,4,4,0,1,hyp
291101,1,3,0,1,hyp
291101,0,5,0,1,hyp
291101,NA,6,0,1,hyp
294902,1,3,0,1,hyp
294902,2,5,0,1,hyp
294902,2,8,0,1,hyp
294903,2,3,0,1,hyp
294903,1,6,0,1,hyp
295901,2,2,0,1,hyp
295901,3,4,0,1,hyp
295901,1,6,0,1,hyp
295902,0,2,0,1,hyp
295902,0,4,0,1,hyp
296401,0,4,0,1,hyp
296401,0,5,0,1,hyp
296401,1,7,0,1,hyp
297901,2,4,0,1,hyp
297901,0,6,0,1,hyp
297901,1,8,0,1,hyp
297902,0,2,0,1,hyp
297902,0,4,0,1,hyp
297902,1,5,0,1,hyp
297902,1,8,0,1,hyp
298301,0,3,0,1,hyp
298301,0,5,0,1,hyp
301101,0,3,0,1,hyp
301101,0,8,0,1,hyp
301401,0,4,0,1,hyp
301401,1,6,0,1,hyp
301401,2,8,0,1,hyp
302301,0,3,0,1,hyp
302301,0,6,0,1,hyp
302702,1,4,0,1,hyp
302702,0,5,0,1,hyp
302702,0,7,0,1,hyp
302703,4,2,0,1,hyp
302703,2,3,0,1,hyp
304103,2,2,0,1,hyp
304103,2,4,0,1,hyp
304605,0,4,0,1,hyp
304605,NA,6,0,1,hyp
304605,2,7,0,1,hyp
307301,0,2,0,1,hyp
307301,3,4,0,1,hyp
307301,1,6,0,1,hyp
307301,1,8,0,1,hyp
307501,2,3,0,1,hyp
307501,4,6,0,1,hyp
309802,2,3,0,1,hyp
309802,0,5,0,1,hyp
309901,4,3,0,1,hyp
309901,5,4,0,1,hyp
310101,0,2,0,1,hyp
310101,1,6,0,1,hyp
311301,1,3,0,1,hyp
311301,1,5,0,1,hyp
311701,2,4,0,1,hyp
312102,3,3,0,1,hyp
312102,1,5,0,1,hyp
312201,1,4,0,1,hyp
312201,1,6,0,1,hyp
312901,0,2,0,1,hyp
312901,0,4,0,1,hyp
312901,0,6,0,1,hyp
312901,0,8,0,1,hyp
314501,0,4,0,1,hyp
314501,0,5,0,1,hyp
315001,0,4,0,1,hyp
315001,0,6,0,1,hyp
315001,1,8,0,1,hyp
315002,1,4,0,1,hyp
315002,3,6,0,1,hyp
315002,3,8,0,1,hyp
315602,4,3,0,1,hyp
315602,2,5,0,1,hyp
316301,0,2,0,1,hyp
316301,0,5,0,1,hyp
316501,3,3,0,1,hyp
316501,1,5,0,1,hyp
316501,1,7,0,1,hyp
316502,0,3,0,1,hyp
316502,0,5,0,1,hyp
319002,0,4,0,1,hyp
319801,1,3,0,1,hyp
319801,3,4,0,1,hyp
320101,4,2,0,1,hyp
320101,5,6,0,1,hyp
320101,4,8,0,1,hyp
320102,1,3,0,1,hyp
320102,2,5,0,1,hyp
322505,0,2,0,1,hyp
322505,0,4,0,1,hyp
324401,3,4,0,1,hyp
324401,3,5,0,1,hyp
324401,3,7,0,1,hyp
324402,3,3,0,1,hyp
324402,2,6,0,1,hyp
324402,5,7,0,1,hyp
324801,1,6,0,1,hyp
325401,4,2,0,1,hyp
325401,3,4,0,1,hyp
325401,4,6,0,1,hyp
325401,2,8,0,1,hyp
325402,4,3,0,1,hyp
325402,5,5,0,1,hyp
325402,3,7,0,1,hyp
325904,0,6,0,1,hyp
326901,2,5,0,1,hyp
326901,2,7,0,1,hyp
328702,2,3,0,1,hyp
328702,1,5,0,1,hyp
328703,3,2,0,1,hyp
328703,3,4,0,1,hyp
330601,1,2,0,1,hyp
330601,1,4,0,1,hyp
330601,1,7,0,1,hyp
330601,2,8,0,1,hyp
331506,1,2,0,1,hyp
331506,3,3,0,1,hyp
334201,2,4,0,1,hyp
334201,2,5,0,1,hyp
334201,3,7,0,1,hyp
335001,3,4,0,1,hyp
335001,2,5,0,1,hyp
335001,2,7,0,1,hyp
335002,1,2,0,1,hyp
335002,3,4,0,1,hyp
335501,0,2,0,1,hyp
335501,1,5,0,1,hyp
336401,NA,2,0,1,hyp
336401,4,4,0,1,hyp
336401,4,8,0,1,hyp
336902,3,3,0,1,hyp
336902,2,6,0,1,hyp
340702,0,2,0,1,hyp
340702,0,6,0,1,hyp
340702,0,8,0,1,hyp
340801,4,3,0,1,hyp
340801,5,5,0,1,hyp
342301,2,3,0,1,hyp
342301,1,5,0,1,hyp
342301,0,8,0,1,hyp
342302,3,3,0,1,hyp
342302,2,5,0,1,hyp
342302,1,8,0,1,hyp
342402,0,3,0,1,hyp
342402,1,5,0,1,hyp
342402,0,7,0,1,hyp
343302,0,4,0,1,hyp
343302,0,6,0,1,hyp
344602,2,2,0,1,hyp
344602,2,4,0,1,hyp
346501,0,3,0,1,hyp
346501,0,5,0,1,hyp
347603,0,4,0,1,hyp
347603,0,6,0,1,hyp
348103,1,2,0,1,hyp
348103,0,4,0,1,hyp
349101,3,2,0,1,hyp
349101,1,5,0,1,hyp
352201,2,4,0,1,hyp
352201,5,5,0,1,hyp
353101,0,3,0,1,hyp
353101,0,5,0,1,hyp
353102,0,2,0,1,hyp
353102,2,5,0,1,hyp
354502,1,3,0,1,hyp
354502,0,5,0,1,hyp
354503,0,2,0,1,hyp
354503,1,6,0,1,hyp
354801,0,3,0,1,hyp
354801,0,5,0,1,hyp
354801,0,6,0,1,hyp
356402,2,3,0,1,hyp
356402,2,5,0,1,hyp
356402,0,7,0,1,hyp
357203,0,4,0,1,hyp
357203,0,6,0,1,hyp
358401,5,4,0,1,hyp
358401,5,6,0,1,hyp
358601,4,3,0,1,hyp
358601,4,6,0,1,hyp
360901,0,2,0,1,hyp
360901,0,4,0,1,hyp
360903,4,2,0,1,hyp
360903,3,4,0,1,hyp
362402,2,5,0,1,hyp
363501,4,3,0,1,hyp
363501,1,5,0,1,hyp
364103,0,2,0,1,hyp
364103,NA,5,0,1,hyp
367903,3,3,0,1,hyp
367903,4,5,0,1,hyp
367903,4,6,0,1,hyp
369702,1,2,0,1,hyp
369702,5,3,0,1,hyp
369702,2,7,0,1,hyp
369704,1,3,0,1,hyp
369704,0,6,0,1,hyp
370303,5,2,0,1,hyp
370303,5,4,0,1,hyp
371502,0,2,0,1,hyp
371502,4,6,0,1,hyp
371503,5,4,0,1,hyp
371503,3,6,0,1,hyp
372901,4,2,0,1,hyp
372901,3,4,0,1,hyp
373401,0,3,0,1,hyp
373401,0,6,0,1,hyp
373401,0,8,0,1,hyp
373402,4,4,0,1,hyp
373402,3,6,0,1,hyp
373701,2,3,0,1,hyp
373701,2,5,0,1,hyp
373702,NA,2,0,1,hyp
373702,1,4,0,1,hyp
374001,5,3,0,1,hyp
374001,5,6,0,1,hyp
374601,2,2,0,1,hyp
374601,1,6,0,1,hyp
374601,0,8,0,1,hyp
374603,0,3,0,1,hyp
374603,0,6,0,1,hyp
375303,0,3,0,1,hyp
375303,0,5,0,1,hyp
375303,0,6,0,1,hyp
375303,0,8,0,1,hyp
379301,2,2,0,1,hyp
379301,3,3,0,1,hyp
379801,1,3,0,1,hyp
379805,2,2,0,1,hyp
379805,4,4,0,1,hyp
380201,0,2,0,1,hyp
380201,0,5,0,1,hyp
380201,0,6,0,1,hyp
380201,0,8,0,1,hyp
381701,0,3,0,1,hyp
381701,0,5,0,1,hyp
382101,5,3,0,1,hyp
382101,0,6,0,1,hyp
389902,3,2,0,1,hyp
389902,1,5,0,1,hyp
389902,0,6,0,1,hyp
389903,0,3,0,1,hyp
389903,0,4,0,1,hyp
389903,0,7,0,1,hyp
389904,0,4,0,1,hyp
389904,0,8,0,1,hyp
392102,1,3,0,1,hyp
392102,0,5,0,1,hyp
392102,0,7,0,1,hyp
392103,1,2,0,1,hyp
392103,4,4,0,1,hyp
392103,3,6,0,1,hyp
392301,1,3,0,1,hyp
392301,0,5,0,1,hyp
392301,0,7,0,1,hyp
392303,2,2,0,1,hyp
392303,4,4,0,1,hyp
392303,3,8,0,1,hyp
392401,2,2,0,1,hyp
392401,3,4,0,1,hyp
392402,3,2,0,1,hyp
392402,3,4,0,1,hyp
396202,4,6,0,1,hyp
397202,1,2,0,1,hyp
397202,0,4,0,1,hyp
399503,0,2,0,1,hyp
399503,0,5,0,1,hyp
399503,0,7,0,1,hyp
400101,1,3,0,1,hyp
400101,0,5,0,1,hyp
400101,0,7,0,1,hyp
403701,1,4,0,1,hyp
403701,1,5,0,1,hyp
404503,0,3,0,1,hyp
404503,1,6,0,1,hyp
405002,1,3,0,1,hyp
405002,4,6,0,1,hyp
405002,4,8,0,1,hyp
407702,2,3,0,1,hyp
407702,0,4,0,1,hyp
407702,0,6,0,1,hyp
408501,2,3,0,1,hyp
408501,3,6,0,1,hyp
411002,4,2,0,1,hyp
411002,3,5,0,1,hyp
411002,3,6,0,1,hyp
413202,2,3,0,1,hyp
413202,0,5,0,1,hyp
413202,0,8,0,1,hyp
413203,0,2,0,1,hyp
413203,0,4,0,1,hyp
413203,0,7,0,1,hyp
413203,0,8,0,1,hyp
413301,4,2,0,1,hyp
413301,3,4,0,1,hyp
419401,2,2,0,1,hyp
419401,1,5,0,1,hyp
419401,0,7,0,1,hyp
420001,1,4,0,1,hyp
420001,1,5,0,1,hyp
420001,2,8,0,1,hyp
421001,2,3,0,1,hyp
421001,0,6,0,1,hyp
421001,0,7,0,1,hyp
422401,1,2,0,1,hyp
422401,0,5,0,1,hyp
422401,0,6,0,1,hyp
424602,2,3,0,1,hyp
424602,NA,5,0,1,hyp
424602,0,7,0,1,hyp
425401,1,2,0,1,hyp
425401,0,5,0,1,hyp
425401,0,6,0,1,hyp
425402,1,3,0,1,hyp
425402,2,5,0,1,hyp
425402,0,8,0,1,hyp
425601,0,4,0,1,hyp
425601,1,6,0,1,hyp
427502,1,2,0,1,hyp
427502,0,4,0,1,hyp
427703,3,4,0,1,hyp
427703,3,6,0,1,hyp
431002,1,2,0,1,hyp
431002,2,5,0,1,hyp
433901,3,4,0,1,hyp
433901,3,5,0,1,hyp
433901,3,7,0,1,hyp
433902,2,3,0,1,hyp
433902,1,4,0,1,hyp
433902,2,6,0,1,hyp
435201,2,4,0,1,hyp
435201,0,6,0,1,hyp
436602,3,3,0,1,hyp
436602,4,4,0,1,hyp
436602,3,7,0,1,hyp
436602,3,8,0,1,hyp
437201,0,2,0,1,hyp
437201,0,5,0,1,hyp
439602,4,4,0,1,hyp
439602,2,6,0,1,hyp
439602,2,7,0,1,hyp
442301,1,3,0,1,hyp
442301,3,5,0,1,hyp
442401,2,2,0,1,hyp
442401,2,4,0,1,hyp
442401,2,6,0,1,hyp
442401,4,8,0,1,hyp
442801,1,2,0,1,hyp
442801,2,4,0,1,hyp
443701,3,3,0,1,hyp
443701,0,5,0,1,hyp
443701,1,7,0,1,hyp
443702,4,3,0,1,hyp
443702,4,5,0,1,hyp
443902,4,4,0,1,hyp
443902,4,6,0,1,hyp
444702,1,3,0,1,hyp
444702,1,5,0,1,hyp
448304,0,2,0,1,hyp
448304,0,5,0,1,hyp
449401,0,4,0,1,hyp
449401,0,5,0,1,hyp
449501,0,4,0,1,hyp
449501,0,6,0,1,hyp
449501,0,8,0,1,hyp
449601,2,3,0,1,hyp
449601,1,6,0,1,hyp
449601,2,8,0,1,hyp
449602,3,2,0,1,hyp
449602,2,4,0,1,hyp
449602,1,8,0,1,hyp
452601,2,3,0,1,hyp
452601,1,5,0,1,hyp
453601,0,3,0,1,hyp
453601,0,5,0,1,hyp
453601,1,7,0,1,hyp
453602,0,3,0,1,hyp
453602,0,5,0,1,hyp
453801,1,3,0,1,hyp
453801,1,6,0,1,hyp
453801,1,8,0,1,hyp
453802,4,4,0,1,hyp
453802,5,6,0,1,hyp
453901,0,2,0,1,hyp
453901,0,4,0,1,hyp
453901,0,7,0,1,hyp
453902,2,3,0,1,hyp
453902,3,6,0,1,hyp
456401,4,2,0,1,hyp
456401,2,3,0,1,hyp
457002,4,2,0,1,hyp
457002,2,6,0,1,hyp
458902,4,3,0,1,hyp
458902,5,6,0,1,hyp
459201,0,2,0,1,hyp
459201,0,4,0,1,hyp
461402,3,2,0,1,hyp
461402,4,3,0,1,hyp
463102,0,2,0,1,hyp
463102,0,4,0,1,hyp
463702,0,4,0,1,hyp
463702,0,6,0,1,hyp
466201,0,2,0,1,hyp
466201,0,4,0,1,hyp
468301,0,3,0,1,hyp
468301,0,5,0,1,hyp
468301,0,7,0,1,hyp
468302,0,2,0,1,hyp
468302,0,4,0,1,hyp
468303,0,2,0,1,hyp
468303,0,4,0,1,hyp
471701,4,2,0,1,hyp
471701,4,4,0,1,hyp
471702,0,2,0,1,hyp
471702,0,8,0,1,hyp
472303,0,2,0,1,hyp
472303,2,4,0,1,hyp
472303,2,6,0,1,hyp
474602,3,3,0,1,hyp
474602,0,6,0,1,hyp
474602,3,7,0,1,hyp
474603,2,3,0,1,hyp
474603,4,4,0,1,hyp
474603,2,8,0,1,hyp
474604,2,2,0,1,hyp
474604,1,6,0,1,hyp
475401,3,3,0,1,hyp
475401,2,6,0,1,hyp
476601,0,2,0,1,hyp
476601,NA,4,0,1,hyp
478501,1,2,0,1,hyp
478501,0,4,0,1,hyp
478501,0,6,0,1,hyp
480103,3,3,0,1,hyp
480103,3,5,0,1,hyp
481502,2,3,0,1,hyp
481502,1,5,0,1,hyp
481502,2,7,0,1,hyp
482002,2,2,0,1,hyp
482002,1,4,0,1,hyp
482602,0,3,0,1,hyp
482602,0,6,0,1,hyp
487101,4,3,0,1,hyp
487101,4,5,0,1,hyp
488001,0,3,0,1,hyp
488001,0,6,0,1,hyp
488201,1,2,0,1,hyp
488201,0,5,0,1,hyp
488201,0,7,0,1,hyp
488202,4,3,0,1,hyp
488202,4,5,0,1,hyp
488202,2,7,0,1,hyp
489902,5,2,0,1,hyp
489902,3,6,0,1,hyp
492501,1,2,0,1,hyp
492501,0,5,0,1,hyp
492501,1,7,0,1,hyp
492502,1,3,0,1,hyp
492502,0,5,0,1,hyp
492503,0,2,0,1,hyp
492503,0,4,0,1,hyp
493003,4,2,0,1,hyp
493003,3,6,0,1,hyp
493301,1,4,0,1,hyp
493301,1,6,0,1,hyp
495202,3,3,0,1,hyp
495202,0,5,0,1,hyp
497302,4,3,0,1,hyp
497302,NA,5,0,1,hyp
497302,4,7,0,1,hyp
497303,0,3,0,1,hyp
497303,0,5,0,1,hyp
497304,2,2,0,1,hyp
497304,2,4,0,1,hyp
497403,4,2,0,1,hyp
497403,4,5,0,1,hyp
499703,4,5,0,1,hyp
502802,2,3,0,1,hyp
502802,2,4,0,1,hyp
502802,0,6,0,1,hyp
503201,2,3,0,1,hyp
503201,NA,5,0,1,hyp
503201,1,7,0,1,hyp
504101,0,3,0,1,hyp
504101,0,5,0,1,hyp
506601,3,3,0,1,hyp
506601,2,6,0,1,hyp
506602,0,3,0,1,hyp
506602,0,5,0,1,hyp
509801,1,3,0,1,hyp
509801,0,5,0,1,hyp
509802,1,3,0,1,hyp
509802,2,5,0,1,hyp
510002,0,3,0,1,hyp
510002,0,5,0,1,hyp
510002,0,7,0,1,hyp
510002,0,8,0,1,hyp
510301,2,3,0,1,hyp
510301,2,4,0,1,hyp
510301,3,6,0,1,hyp
510401,2,2,0,1,hyp
510401,2,4,0,1,hyp
511901,3,3,0,1,hyp
511901,5,5,0,1,hyp
511901,4,7,0,1,hyp
513404,4,3,0,1,hyp
513404,3,5,0,1,hyp
513404,3,7,0,1,hyp
513405,4,3,0,1,hyp
513405,4,5,0,1,hyp
515102,0,2,0,1,hyp
515102,0,4,0,1,hyp
515102,2,5,0,1,hyp
515102,1,8,0,1,hyp
516401,0,5,0,1,hyp
518003,1,3,0,1,hyp
518003,1,7,0,1,hyp
519101,2,3,0,1,hyp
519101,2,5,0,1,hyp
519503,0,4,0,1,hyp
519503,0,6,0,1,hyp
519503,0,8,0,1,hyp
521602,0,4,0,1,hyp
521602,0,5,0,1,hyp
521602,1,7,0,1,hyp
522401,0,3,0,1,hyp
522401,2,5,0,1,hyp
523101,4,3,0,1,hyp
523101,4,6,0,1,hyp
523101,2,8,0,1,hyp
523201,4,2,0,1,hyp
523201,3,5,0,1,hyp
523201,3,7,0,1,hyp
523202,0,2,0,1,hyp
523202,1,3,0,1,hyp
524701,0,4,0,1,hyp
524701,0,6,0,1,hyp
524702,0,2,0,1,hyp
524702,1,4,0,1,hyp
524702,0,7,0,1,hyp
525801,3,4,0,1,hyp
525801,3,6,0,1,hyp
525801,2,8,0,1,hyp
527204,0,2,0,1,hyp
527204,0,6,0,1,hyp
527204,2,8,0,1,hyp
531401,5,2,0,1,hyp
531401,4,6,0,1,hyp
531402,0,4,0,1,hyp
531402,0,6,0,1,hyp
531404,0,3,0,1,hyp
531404,1,5,0,1,hyp
531704,1,3,0,1,hyp
531704,1,5,0,1,hyp
532601,0,4,0,1,hyp
532601,0,6,0,1,hyp
532802,4,3,0,1,hyp
532802,4,6,0,1,hyp
533002,4,3,0,1,hyp
533002,1,6,0,1,hyp
533003,3,3,0,1,hyp
533003,4,6,0,1,hyp
534103,0,2,0,1,hyp
534103,0,4,0,1,hyp
534103,0,6,0,1,hyp
537002,0,4,0,1,hyp
537002,0,5,0,1,hyp
537002,0,7,0,1,hyp
537302,1,2,0,1,hyp
537302,0,5,0,1,hyp
537302,0,6,0,1,hyp
537304,1,2,0,1,hyp
537304,1,6,0,1,hyp
537602,2,2,0,1,hyp
537602,3,5,0,1,hyp
537602,1,6,0,1,hyp
538102,1,2,0,1,hyp
538102,0,5,0,1,hyp
538703,2,2,0,1,hyp
538703,0,4,0,1,hyp
538703,0,6,0,1,hyp
538704,2,2,0,1,hyp
538704,0,4,0,1,hyp
542702,4,3,0,1,hyp
542702,0,5,0,1,hyp
542702,0,7,0,1,hyp
542703,1,2,0,1,hyp
542703,0,5,0,1,hyp
542703,0,6,0,1,hyp
542802,4,3,0,1,hyp
542802,4,5,0,1,hyp
543601,0,2,0,1,hyp
543601,0,5,0,1,hyp
543601,0,7,0,1,hyp
543601,0,8,0,1,hyp
543602,3,3,0,1,hyp
543602,1,5,0,1,hyp
543602,0,6,0,1,hyp
545402,2,3,0,1,hyp
546505,0,2,0,1,hyp
546505,5,6,0,1,hyp
546505,0,8,0,1,hyp
546702,0,3,0,1,hyp
547701,1,3,0,1,hyp
547701,0,5,0,1,hyp
548501,0,4,0,1,hyp
548501,0,6,0,1,hyp
548501,1,8,0,1,hyp
549801,1,3,0,1,hyp
549801,1,5,0,1,hyp
550901,2,2,0,1,hyp
550901,1,6,0,1,hyp
551501,2,2,0,1,hyp
551501,3,4,0,1,hyp
552203,0,3,0,1,hyp
552203,0,6,0,1,hyp
553701,3,3,0,1,hyp
553701,4,5,0,1,hyp
553701,1,8,0,1,hyp
553702,0,3,0,1,hyp
553702,2,6,0,1,hyp
556101,2,2,0,1,hyp
556101,0,4,0,1,hyp
556101,3,5,0,1,hyp
556101,1,7,0,1,hyp
556801,0,3,0,1,hyp
556801,1,6,0,1,hyp
558301,4,4,0,1,hyp
558301,4,6,0,1,hyp
558301,3,8,0,1,hyp
559302,3,3,0,1,hyp
559302,5,5,0,1,hyp
560902,5,3,0,1,hyp
560902,3,5,0,1,hyp
560902,2,7,0,1,hyp
561202,2,3,0,1,hyp
561202,1,5,0,1,hyp
561402,0,3,0,1,hyp
561402,0,6,0,1,hyp
564001,0,4,0,1,hyp
564001,0,6,0,1,hyp
564001,0,8,0,1,hyp
564002,0,2,0,1,hyp
564002,1,4,0,1,hyp
564002,1,8,0,1,hyp
565601,3,2,0,1,hyp
565601,3,3,0,1,hyp
565601,4,6,0,1,hyp
567002,4,3,0,1,hyp
567002,2,5,0,1,hyp
570601,4,4,0,1,hyp
570601,1,6,0,1,hyp
571201,3,4,0,1,hyp
571201,2,5,0,1,hyp
571801,2,4,0,1,hyp
571801,3,6,0,1,hyp
571802,1,3,0,1,hyp
571802,2,6,0,1,hyp
572402,1,3,0,1,hyp
572402,1,5,0,1,hyp
572402,0,7,0,1,hyp
572801,0,2,0,1,hyp
572801,0,3,0,1,hyp
572801,1,5,0,1,hyp
572801,1,7,0,1,hyp
572802,1,3,0,1,hyp
572802,2,6,0,1,hyp
572802,0,7,0,1,hyp
572803,2,4,0,1,hyp
572803,3,5,0,1,hyp
572803,2,7,0,1,hyp
574003,1,2,0,1,hyp
574003,0,6,0,1,hyp
574102,0,4,0,1,hyp
574102,0,7,0,1,hyp
574602,1,2,0,1,hyp
574602,1,4,0,1,hyp
574603,0,5,0,1,hyp
574603,0,7,0,1,hyp
580202,0,4,0,1,hyp
580202,0,6,0,1,hyp
581303,3,2,0,1,hyp
581303,3,6,0,1,hyp
581802,3,4,0,1,hyp
581802,3,6,0,1,hyp
581802,NA,8,0,1,hyp
586102,3,2,0,1,hyp
586102,1,6,0,1,hyp
587301,2,2,0,1,hyp
587301,1,3,0,1,hyp
587301,1,6,0,1,hyp
587301,3,7,0,1,hyp
587303,2,3,0,1,hyp
591903,0,2,0,1,hyp
591903,0,5,0,1,hyp
594102,4,2,0,1,hyp
594102,3,6,0,1,hyp
600203,1,2,0,1,hyp
600203,1,6,0,1,hyp
602301,2,3,0,1,hyp
602301,0,4,0,1,hyp
602302,NA,6,0,1,hyp
602304,0,4,0,1,hyp
602304,2,6,0,1,hyp
604004,1,3,0,1,hyp
604004,4,5,0,1,hyp
604004,2,8,0,1,hyp
604607,0,2,0,1,hyp
604607,1,5,0,1,hyp
604902,2,3,0,1,hyp
604902,0,6,0,1,hyp
607201,1,4,0,1,hyp
607201,3,6,0,1,hyp
607601,5,2,0,1,hyp
607601,0,4,0,1,hyp
607602,2,2,0,1,hyp
607602,1,5,0,1,hyp
607602,3,7,0,1,hyp
607802,1,4,0,1,hyp
607802,3,6,0,1,hyp
610101,0,4,0,1,hyp
610101,2,6,0,1,hyp
611802,0,2,0,1,hyp
611802,0,6,0,1,hyp
611802,0,8,0,1,hyp
613201,4,4,0,1,hyp
613201,NA,6,0,1,hyp
613201,3,7,0,1,hyp
613402,2,4,0,1,hyp
613402,NA,5,0,1,hyp
616105,1,2,0,1,hyp
616105,0,4,0,1,hyp
616105,2,6,0,1,hyp
616402,0,4,0,1,hyp
616402,1,5,0,1,hyp
616402,2,7,0,1,hyp
617501,0,2,0,1,hyp
617501,0,3,0,1,hyp
621501,2,3,0,1,hyp
621501,2,5,0,1,hyp
621701,5,2,0,1,hyp
621701,4,4,0,1,hyp
622001,1,3,0,1,hyp
622001,0,6,0,1,hyp
623801,0,3,0,1,hyp
623801,0,5,0,1,hyp
626201,1,2,0,1,hyp
626201,1,4,0,1,hyp
626201,0,7,0,1,hyp
627702,3,4,0,1,hyp
627702,1,5,0,1,hyp
627703,0,2,0,1,hyp
627703,0,6,0,1,hyp
627802,2,3,0,1,hyp
629404,3,3,0,1,hyp
629404,1,5,0,1,hyp
629404,0,6,0,1,hyp
629404,1,8,0,1,hyp
629502,0,5,0,1,hyp
631801,1,2,0,1,hyp
631801,0,5,0,1,hyp
631801,0,8,0,1,hyp
632205,3,2,0,1,hyp
632205,3,4,0,1,hyp
632702,3,4,0,1,hyp
632702,1,6,0,1,hyp
632703,0,3,0,1,hyp
632703,0,5,0,1,hyp
632704,0,6,0,1,hyp
634401,5,4,0,1,hyp
634401,2,6,0,1,hyp
634503,0,4,0,1,hyp
634503,1,6,0,1,hyp
635302,2,3,0,1,hyp
635302,0,5,0,1,hyp
636402,5,3,0,1,hyp
636802,3,3,0,1,hyp
636802,2,4,0,1,hyp
637110,0,2,0,1,hyp
637110,3,6,0,1,hyp
638402,1,2,0,1,hyp
638402,0,6,0,1,hyp
640002,2,2,0,1,hyp
640002,2,3,0,1,hyp
640402,1,4,0,1,hyp
640402,2,6,0,1,hyp
642601,4,2,0,1,hyp
642601,3,4,0,1,hyp
642701,2,2,0,1,hyp
642701,2,5,0,1,hyp
642702,2,4,0,1,hyp
642901,4,3,0,1,hyp
642901,2,5,0,1,hyp
642902,4,2,0,1,hyp
642902,4,5,0,1,hyp
642902,3,7,0,1,hyp
642903,5,2,0,1,hyp
642903,5,5,0,1,hyp
642903,3,7,0,1,hyp
642904,1,4,0,1,hyp
642904,2,6,0,1,hyp
643402,2,3,0,1,hyp
643402,3,5,0,1,hyp
643402,0,7,0,1,hyp
644203,3,3,0,1,hyp
644203,0,6,0,1,hyp
644203,0,7,0,1,hyp
644901,5,4,0,1,hyp
644901,5,6,0,1,hyp
648601,4,3,0,1,hyp
648601,2,5,0,1,hyp
648602,2,4,0,1,hyp
648602,4,6,0,1,hyp
651601,3,3,0,1,hyp
651601,4,5,0,1,hyp
651601,4,7,0,1,hyp
665803,3,6,0,1,hyp
665803,1,7,0,1,hyp
668403,4,2,0,1,hyp
668403,1,6,0,1,hyp
669301,0,5,0,1,hyp
671102,2,3,0,1,hyp
671102,1,5,0,1,hyp
671102,2,6,0,1,hyp
675701,3,4,0,1,hyp
675701,5,5,0,1,hyp
675701,2,7,0,1,hyp
677201,5,3,0,1,hyp
677201,5,5,0,1,hyp
677201,1,6,0,1,hyp
677202,4,3,0,1,hyp
677202,2,4,0,1,hyp
678804,0,3,0,1,hyp
678804,1,4,0,1,hyp
681601,1,2,0,1,hyp
681601,0,6,0,1,hyp
682502,3,3,0,1,hyp
682903,1,3,0,1,hyp
682903,0,5,0,1,hyp
684201,0,3,0,1,hyp
684201,0,6,0,1,hyp
684201,0,8,0,1,hyp
684203,2,2,0,1,hyp
684203,0,5,0,1,hyp
687602,0,3,0,1,hyp
687602,0,5,0,1,hyp
689101,0,2,0,1,hyp
689101,0,5,0,1,hyp
689101,0,6,0,1,hyp
690101,4,2,0,1,hyp
690101,1,4,0,1,hyp
690101,5,6,0,1,hyp
690101,5,8,0,1,hyp
693001,2,4,0,1,hyp
693001,1,6,0,1,hyp
693001,1,7,0,1,hyp
696601,0,2,0,1,hyp
696601,2,3,0,1,hyp
696601,3,6,0,1,hyp
700002,2,4,0,1,hyp
700002,1,5,0,1,hyp
700002,0,7,0,1,hyp
700003,4,3,0,1,hyp
707701,3,4,0,1,hyp
707701,3,6,0,1,hyp
708401,0,4,0,1,hyp
708401,1,5,0,1,hyp
711602,0,3,0,1,hyp
711602,0,5,0,1,hyp
711602,0,7,0,1,hyp
711603,0,3,0,1,hyp
711603,0,5,0,1,hyp
712303,1,3,0,1,hyp
712303,3,6,0,1,hyp
712303,2,8,0,1,hyp
714801,2,3,0,1,hyp
714801,0,5,0,1,hyp
714801,1,7,0,1,hyp
714802,2,2,0,1,hyp
714802,0,4,0,1,hyp
714802,0,6,0,1,hyp
715601,2,3,0,1,hyp
715601,2,6,0,1,hyp
715803,3,2,0,1,hyp
715803,2,3,0,1,hyp
715803,1,5,0,1,hyp
716601,0,2,0,1,hyp
716601,0,6,0,1,hyp
716601,1,8,0,1,hyp
716602,2,4,0,1,hyp
716602,2,6,0,1,hyp
716602,1,8,0,1,hyp
717002,3,2,0,1,hyp
717002,5,6,0,1,hyp
717003,5,2,0,1,hyp
717003,3,5,0,1,hyp
717901,5,4,0,1,hyp
717901,5,7,0,1,hyp
717902,5,3,0,1,hyp
717902,3,4,0,1,hyp
717902,4,8,0,1,hyp
717903,0,2,0,1,hyp
717903,4,4,0,1,hyp
717903,0,7,0,1,hyp
718602,0,3,0,1,hyp
718602,4,5,0,1,hyp
718602,0,6,0,1,hyp
718602,2,8,0,1,hyp
722401,0,4,0,1,hyp
722401,1,6,0,1,hyp
722401,0,8,0,1,hyp
722803,2,4,0,1,hyp
722803,4,6,0,1,hyp
723501,0,2,0,1,hyp
723501,0,4,0,1,hyp
725801,0,3,0,1,hyp
725801,0,5,0,1,hyp
725903,5,3,0,1,hyp
725903,1,6,0,1,hyp
725903,1,8,0,1,hyp
737702,4,3,0,1,hyp
737702,2,4,0,1,hyp
738201,1,2,0,1,hyp
738201,1,4,0,1,hyp
738201,2,5,0,1,hyp
738201,1,7,0,1,hyp
739002,0,2,0,1,hyp
739002,0,4,0,1,hyp
739002,0,6,0,1,hyp
739002,0,8,0,1,hyp
739102,1,2,0,1,hyp
739102,1,6,0,1,hyp
739301,1,2,0,1,hyp
739301,0,4,0,1,hyp
739301,0,8,0,1,hyp
739401,1,2,0,1,hyp
739401,1,4,0,1,hyp
739401,0,8,0,1,hyp
739601,0,3,0,1,hyp
739601,0,5,0,1,hyp
742301,1,4,0,1,hyp
742301,1,5,0,1,hyp
743601,4,2,0,1,hyp
743601,3,5,0,1,hyp
743602,2,4,0,1,hyp
743602,4,5,0,1,hyp
743602,2,7,0,1,hyp
743801,1,3,0,1,hyp
743801,2,5,0,1,hyp
743801,0,6,0,1,hyp
743802,1,2,0,1,hyp
743802,0,4,0,1,hyp
744102,5,2,0,1,hyp
744102,5,4,0,1,hyp
744102,3,5,0,1,hyp
744103,0,6,0,1,hyp
744703,3,4,0,1,hyp
744703,4,5,0,1,hyp
744704,3,2,0,1,hyp
744704,4,4,0,1,hyp
744704,3,6,0,1,hyp
745103,0,5,0,1,hyp
745103,0,7,0,1,hyp
745904,2,3,0,1,hyp
748003,NA,3,0,1,hyp
748003,1,6,0,1,hyp
748502,NA,2,0,1,hyp
748502,4,4,0,1,hyp
748502,3,7,0,1,hyp
749802,1,3,0,1,hyp
749802,1,5,0,1,hyp
749802,0,7,0,1,hyp
749803,0,3,0,1,hyp
749803,0,5,0,1,hyp
750104,3,2,0,1,hyp
750104,5,5,0,1,hyp
750404,1,3,0,1,hyp
750404,0,5,0,1,hyp
750404,1,7,0,1,hyp
751001,2,3,0,1,hyp
751001,2,5,0,1,hyp
752003,0,2,0,1,hyp
752003,0,6,0,1,hyp
752501,0,2,0,1,hyp
752501,0,4,0,1,hyp
760102,3,2,0,1,hyp
760102,1,6,0,1,hyp
763603,5,2,0,1,hyp
763603,5,5,0,1,hyp
764503,4,4,0,1,hyp
764503,2,6,0,1,hyp
765702,0,3,0,1,hyp
765702,0,5,0,1,hyp
767901,1,2,0,1,hyp
767901,3,5,0,1,hyp
771002,4,4,0,1,hyp
771002,0,5,0,1,hyp
771002,3,7,0,1,hyp
775002,2,3,0,1,hyp
775002,0,5,0,1,hyp
778902,1,3,0,1,hyp
778902,1,4,0,1,hyp
778902,1,7,0,1,hyp
778903,2,3,0,1,hyp
778903,0,4,0,1,hyp
778903,3,7,0,1,hyp
783001,5,2,0,1,hyp
783001,4,3,0,1,hyp
783001,1,8,0,1,hyp
783002,3,5,0,1,hyp
783002,NA,7,0,1,hyp
783301,3,3,0,1,hyp
783301,1,5,0,1,hyp
783502,2,2,0,1,hyp
783502,2,5,0,1,hyp
783602,3,2,0,1,hyp
783602,3,5,0,1,hyp
783801,0,3,0,1,hyp
783801,1,4,0,1,hyp
785601,NA,2,0,1,hyp
785601,1,6,0,1,hyp
786402,3,3,0,1,hyp
786402,NA,6,0,1,hyp
788302,3,3,0,1,hyp
788302,2,4,0,1,hyp
788303,2,2,0,1,hyp
788303,3,3,0,1,hyp
788303,3,7,0,1,hyp
792103,0,2,0,1,hyp
792103,0,4,0,1,hyp
792704,0,4,0,1,hyp
792704,0,5,0,1,hyp
792704,1,7,0,1,hyp
793001,0,2,0,1,hyp
793001,0,4,0,1,hyp
793001,0,7,0,1,hyp
794301,0,2,0,1,hyp
794301,2,4,0,1,hyp
794503,1,4,0,1,hyp
794503,2,6,0,1,hyp
794503,0,8,0,1,hyp
795201,0,3,0,1,hyp
795201,1,5,0,1,hyp
795201,3,8,0,1,hyp
795901,0,2,0,1,hyp
795901,1,4,0,1,hyp
799803,4,3,0,1,hyp
799803,2,5,0,1,hyp
800602,0,4,0,1,hyp
800602,0,6,0,1,hyp
804701,3,3,0,1,hyp
804701,0,5,0,1,hyp
804701,1,6,0,1,hyp
804702,0,2,0,1,hyp
804702,1,3,0,1,hyp
804702,NA,6,0,1,hyp
809102,3,2,0,1,hyp
809102,1,4,0,1,hyp
809102,4,5,0,1,hyp
809103,1,4,0,1,hyp
809103,0,5,0,1,hyp
809103,5,7,0,1,hyp
809301,2,2,0,1,hyp
809301,3,3,0,1,hyp
809301,NA,5,0,1,hyp
810303,0,3,0,1,hyp
810303,0,4,0,1,hyp
811002,3,3,0,1,hyp
812504,2,3,0,1,hyp
814101,0,2,0,1,hyp
814101,2,4,0,1,hyp
817402,5,3,0,1,hyp
817402,3,5,0,1,hyp
817402,2,7,0,1,hyp
817403,5,2,0,1,hyp
817403,1,4,0,1,hyp
817403,4,7,0,1,hyp
817404,0,3,0,1,hyp
817404,4,5,0,1,hyp
817404,0,8,0,1,hyp
822602,5,2,0,1,hyp
822602,2,5,0,1,hyp
825702,1,3,0,1,hyp
825702,1,6,0,1,hyp
825902,2,2,0,1,hyp
825902,3,4,0,1,hyp
825903,3,2,0,1,hyp
825903,1,6,0,1,hyp
825903,NA,7,0,1,hyp
826503,1,2,0,1,hyp
826503,0,6,0,1,hyp
826503,0,8,0,1,hyp
826504,0,4,0,1,hyp
826504,3,6,0,1,hyp
826904,5,2,0,1,hyp
826904,3,4,0,1,hyp
826904,5,6,0,1,hyp
826905,0,2,0,1,hyp
826905,5,4,0,1,hyp
827101,1,4,0,1,hyp
827101,1,5,0,1,hyp
827302,1,2,0,1,hyp
827302,5,4,0,1,hyp
827302,1,5,0,1,hyp
828302,2,3,0,1,hyp
828302,2,6,0,1,hyp
828302,3,8,0,1,hyp
828604,2,3,0,1,hyp
828604,2,6,0,1,hyp
828902,2,3,0,1,hyp
828902,4,5,0,1,hyp
828903,1,3,0,1,hyp
828903,5,5,0,1,hyp
828903,1,7,0,1,hyp
828905,5,3,0,1,hyp
828905,2,5,0,1,hyp
828905,2,7,0,1,hyp
829401,4,6,0,1,hyp
829401,2,7,0,1,hyp
829403,1,4,0,1,hyp
829403,2,6,0,1,hyp
833601,0,2,0,1,hyp
833601,0,5,0,1,hyp
834301,4,4,0,1,hyp
834301,3,8,0,1,hyp
835202,2,3,0,1,hyp
835202,2,5,0,1,hyp
835703,NA,4,0,1,hyp
835703,0,6,0,1,hyp
835703,0,8,0,1,hyp
837503,2,2,0,1,hyp
837503,0,6,0,1,hyp
837504,5,4,0,1,hyp
837504,5,6,0,1,hyp
837602,0,2,0,1,hyp
837602,4,4,0,1,hyp
838301,3,2,0,1,hyp
838301,3,5,0,1,hyp
838903,1,2,0,1,hyp
838903,1,6,0,1,hyp
841601,2,3,0,1,hyp
841601,3,5,0,1,hyp
841601,3,7,0,1,hyp
841602,2,2,0,1,hyp
841602,1,4,0,1,hyp
846301,0,2,0,1,hyp
846301,0,6,0,1,hyp
846301,0,8,0,1,hyp
847301,0,2,0,1,hyp
847301,0,5,0,1,hyp
847301,NA,7,0,1,hyp
847302,3,4,0,1,hyp
847302,1,5,0,1,hyp
847302,3,7,0,1,hyp
847701,4,4,0,1,hyp
847701,4,6,0,1,hyp
847901,1,2,0,1,hyp
847901,2,5,0,1,hyp
847902,2,2,0,1,hyp
847902,3,4,0,1,hyp
848201,5,2,0,1,hyp
848201,1,4,0,1,hyp
848201,0,6,0,1,hyp
849401,2,3,0,1,hyp
849401,4,5,0,1,hyp
849401,5,8,0,1,hyp
853202,1,3,0,1,hyp
853202,3,5,0,1,hyp
853202,3,7,0,1,hyp
856103,1,3,0,1,hyp
856103,1,4,0,1,hyp
857003,2,4,0,1,hyp
857003,5,6,0,1,hyp
858302,3,2,0,1,hyp
858302,1,5,0,1,hyp
858302,1,8,0,1,hyp
861503,1,2,0,1,hyp
861503,0,4,0,1,hyp
861503,2,7,0,1,hyp
861803,NA,2,0,1,hyp
861803,NA,3,0,1,hyp
861803,1,5,0,1,hyp
862201,0,3,0,1,hyp
862201,2,5,0,1,hyp
863101,4,2,0,1,hyp
863101,4,4,0,1,hyp
863403,4,3,0,1,hyp
863403,4,6,0,1,hyp
864302,0,4,0,1,hyp
864302,4,6,0,1,hyp
866203,1,3,0,1,hyp
866203,2,6,0,1,hyp
866205,0,3,0,1,hyp
866205,1,5,0,1,hyp
866402,4,3,0,1,hyp
866402,5,5,0,1,hyp
867903,0,3,0,1,hyp
867903,0,4,0,1,hyp
867903,0,6,0,1,hyp
869001,4,2,0,1,hyp
869001,0,4,0,1,hyp
869501,5,4,0,1,hyp
869501,2,6,0,1,hyp
869601,0,3,0,1,hyp
869601,4,5,0,1,hyp
870803,0,6,0,1,hyp
878701,2,2,0,1,hyp
878701,5,3,0,1,hyp
879403,1,2,0,1,hyp
879403,2,6,0,1,hyp
879404,3,2,0,1,hyp
879404,2,4,0,1,hyp
885801,2,4,0,1,hyp
885801,0,6,0,1,hyp
885801,0,8,0,1,hyp
885802,2,3,0,1,hyp
885802,2,5,0,1,hyp
885802,0,7,0,1,hyp
886401,2,3,0,1,hyp
886401,0,4,0,1,hyp
886401,1,6,0,1,hyp
886401,2,8,0,1,hyp
891202,2,3,0,1,hyp
891202,0,6,0,1,hyp
892601,1,3,0,1,hyp
892601,1,5,0,1,hyp
894201,0,3,0,1,hyp
894201,0,4,0,1,hyp
894201,0,7,0,1,hyp
894802,0,4,0,1,hyp
894802,0,6,0,1,hyp
894803,0,3,0,1,hyp
894803,2,5,0,1,hyp
894804,0,3,0,1,hyp
894804,1,4,0,1,hyp
894804,0,6,0,1,hyp
894804,0,8,0,1,hyp
897001,3,3,0,1,hyp
897001,4,5,0,1,hyp
897001,2,8,0,1,hyp
905003,2,4,0,1,hyp
905003,2,6,0,1,hyp
905003,3,8,0,1,hyp
907001,5,3,0,1,hyp
907001,4,6,0,1,hyp
908102,4,2,0,1,hyp
908102,5,4,0,1,hyp
910103,5,2,0,1,hyp
910103,5,4,0,1,hyp
911701,5,2,0,1,hyp
911701,3,4,0,1,hyp
911701,3,6,0,1,hyp
914402,2,3,0,1,hyp
914402,3,5,0,1,hyp
918002,5,4,0,1,hyp
918002,1,5,0,1,hyp
918201,0,4,0,1,hyp
918201,0,6,0,1,hyp
918202,0,3,0,1,hyp
918202,0,5,0,1,hyp
918301,5,3,0,1,hyp
918301,1,6,0,1,hyp
922901,3,3,0,1,hyp
922901,4,5,0,1,hyp
925503,2,4,0,1,hyp
925503,0,6,0,1,hyp
925503,1,8,0,1,hyp
925504,4,2,0,1,hyp
925504,2,5,0,1,hyp
925701,2,5,0,1,hyp
926102,0,3,0,1,hyp
926102,0,6,0,1,hyp
928101,3,4,0,1,hyp
928101,5,6,0,1,hyp
929805,0,3,0,1,hyp
929805,3,5,0,1,hyp
931202,3,3,0,1,hyp
931202,2,5,0,1,hyp
931202,4,8,0,1,hyp
931703,4,2,0,1,hyp
931703,2,5,0,1,hyp
938001,2,2,0,1,hyp
938001,2,4,0,1,hyp
938001,3,8,0,1,hyp
938002,0,2,0,1,hyp
938002,0,6,0,1,hyp
938205,0,2,0,1,hyp
938205,0,4,0,1,hyp
940103,0,6,0,1,hyp
951602,2,2,0,1,hyp
951602,2,8,0,1,hyp
952201,4,3,0,1,hyp
952201,2,5,0,1,hyp
964101,2,2,0,1,hyp
964101,1,4,0,1,hyp
964102,1,2,0,1,hyp
964102,0,4,0,1,hyp
966001,0,4,0,1,hyp
966001,0,6,0,1,hyp
968001,3,3,0,1,hyp
968001,2,5,0,1,hyp
968001,0,7,0,1,hyp
968002,2,2,0,1,hyp
968002,3,4,0,1,hyp
968002,4,5,0,1,hyp
968003,0,2,0,1,hyp
968003,0,5,0,1,hyp
968401,1,3,0,1,hyp
968401,0,5,0,1,hyp
968401,0,6,0,1,hyp
968402,0,5,0,1,hyp
968402,1,7,0,1,hyp
976803,4,6,0,1,hyp
982001,4,3,0,1,hyp
982001,5,6,0,1,hyp
983703,1,3,0,1,hyp
983703,NA,5,0,1,hyp
983902,2,3,0,1,hyp
983902,1,5,0,1,hyp
983902,1,6,0,1,hyp
983903,1,2,0,1,hyp
983903,1,5,0,1,hyp
983903,0,7,0,1,hyp
984402,1,4,0,1,hyp
984402,1,6,0,1,hyp
984404,NA,3,0,1,hyp
984404,2,8,0,1,hyp
985802,2,3,0,1,hyp
985802,1,5,0,1,hyp
985802,1,8,0,1,hyp
985803,2,2,0,1,hyp
985803,2,4,0,1,hyp
986203,1,3,0,1,hyp
986203,0,6,0,1,hyp
986203,0,8,0,1,hyp
986505,0,3,0,1,hyp
986505,0,5,0,1,hyp
986505,1,7,0,1,hyp
986506,0,2,0,1,hyp
986506,1,4,0,1,hyp
986506,NA,6,0,1,hyp
987401,1,2,0,1,hyp
987401,NA,4,0,1,hyp
987701,3,2,0,1,hyp
987701,1,5,0,1,hyp
987701,0,7,0,1,hyp
988701,3,2,0,1,hyp
988701,1,3,0,1,hyp
989201,NA,5,0,1,hyp
989201,1,7,0,1,hyp
989503,NA,3,0,1,hyp
989503,1,5,0,1,hyp
989503,2,7,0,1,hyp
992201,1,3,0,1,hyp
992201,0,5,0,1,hyp
992201,0,7,0,1,hyp
993803,1,3,0,1,hyp
993803,1,6,0,1,hyp
993803,3,7,0,1,hyp
995101,2,3,0,1,hyp
995101,4,4,0,1,hyp
995101,1,7,0,1,hyp
995102,5,2,0,1,hyp
995102,2,6,0,1,hyp
995304,1,3,0,1,hyp
997002,2,2,0,1,hyp
997002,1,4,0,1,hyp
998001,2,3,0,1,hyp
998001,1,5,0,1,hyp
999202,0,2,0,1,hyp
999202,0,4,0,1,hyp
999202,0,6,0,1,hyp
999203,0,2,0,1,hyp
999203,0,4,0,1,hyp
999203,0,8,0,1,hyp
1002601,0,2,0,1,hyp
1002601,1,5,0,1,hyp
1002601,1,8,0,1,hyp
1003202,3,3,0,1,hyp
1003202,0,5,0,1,hyp
1003202,0,6,0,1,hyp
1003203,5,3,0,1,hyp
1003203,4,4,0,1,hyp
1003203,3,7,0,1,hyp
1003204,4,3,0,1,hyp
1003601,3,4,0,1,hyp
1003601,4,6,0,1,hyp
1003802,4,3,0,1,hyp
1003802,3,6,0,1,hyp
1004802,1,3,0,1,hyp
1004802,1,7,0,1,hyp
1004903,0,2,0,1,hyp
1004903,0,4,0,1,hyp
1005201,0,3,0,1,hyp
1005201,0,5,0,1,hyp
1005203,0,3,0,1,hyp
1005203,0,5,0,1,hyp
1007201,4,4,0,1,hyp
1007201,4,6,0,1,hyp
1007201,1,7,0,1,hyp
1007301,0,2,0,1,hyp
1007301,3,4,0,1,hyp
1007301,4,8,0,1,hyp
1007302,1,2,0,1,hyp
1007302,3,6,0,1,hyp
1007901,0,3,0,1,hyp
1007901,0,4,0,1,hyp
1013201,5,3,0,1,hyp
1013201,4,5,0,1,hyp
1017504,2,3,0,1,hyp
1017504,0,6,0,1,hyp
1017504,0,8,0,1,hyp
1018402,NA,3,0,1,hyp
1018402,2,6,0,1,hyp
1018404,1,4,0,1,hyp
1018404,2,6,0,1,hyp
1019104,2,4,0,1,hyp
1019104,3,6,0,1,hyp
1019105,1,4,0,1,hyp
1019105,3,6,0,1,hyp
1023702,3,3,0,1,hyp
1023702,3,6,0,1,hyp
1023702,4,7,0,1,hyp
1030801,0,5,0,1,hyp
1031001,0,2,0,1,hyp
1031001,0,3,0,1,hyp
1031001,0,6,0,1,hyp
1031001,0,7,0,1,hyp
1031002,0,4,0,1,hyp
1031002,1,5,0,1,hyp
1031002,0,7,0,1,hyp
1031302,4,2,0,1,hyp
1031302,2,4,0,1,hyp
1033202,3,2,0,1,hyp
1033202,NA,3,0,1,hyp
1033601,1,3,0,1,hyp
1033601,2,4,0,1,hyp
1034001,2,2,0,1,hyp
1034001,4,4,0,1,hyp
1034001,3,6,0,1,hyp
1034001,0,8,0,1,hyp
1036001,1,3,0,1,hyp
1036001,0,6,0,1,hyp
1036003,0,4,0,1,hyp
1036003,0,6,0,1,hyp
1037502,2,2,0,1,hyp
1037502,0,6,0,1,hyp
1040101,3,3,0,1,hyp
1040101,3,5,0,1,hyp
1042101,3,3,0,1,hyp
1042101,0,4,0,1,hyp
1042101,4,7,0,1,hyp
1042201,5,3,0,1,hyp
1042201,3,5,0,1,hyp
1044801,4,2,0,1,hyp
1044801,5,4,0,1,hyp
1047801,2,2,0,1,hyp
1047801,3,4,0,1,hyp
1047801,3,6,0,1,hyp
1050001,0,3,0,1,hyp
1050001,2,4,0,1,hyp
1050001,NA,6,0,1,hyp
1050701,2,3,0,1,hyp
1050701,1,6,0,1,hyp
1050701,3,8,0,1,hyp
1053201,1,3,0,1,hyp
1053201,2,6,0,1,hyp
1053202,3,2,0,1,hyp
1053202,4,5,0,1,hyp
1053802,2,2,0,1,hyp
1053802,2,4,0,1,hyp
1053804,NA,3,0,1,hyp
1053804,NA,4,0,1,hyp
1053804,4,6,0,1,hyp
1056501,3,4,0,1,hyp
1056501,0,6,0,1,hyp
1081101,3,4,0,1,hyp
1081101,4,6,0,1,hyp
1081103,1,3,0,1,hyp
1081103,3,6,0,1,hyp
1176403,2,3,0,1,hyp
1176403,0,6,0,1,hyp
1176502,NA,2,0,1,hyp
1176502,0,5,0,1,hyp
1179201,4,3,0,1,hyp
1179201,3,5,0,1,hyp
1179201,1,7,0,1,hyp
1179202,2,2,0,1,hyp
1179202,3,4,0,1,hyp
1179202,3,6,0,1,hyp
1179202,0,7,0,1,hyp
1180202,0,2,0,1,hyp
1180202,0,6,0,1,hyp
1180202,0,8,0,1,hyp
1181201,5,2,0,1,hyp
1181201,5,5,0,1,hyp
1181902,0,3,0,1,hyp
1181902,5,6,0,1,hyp
1181904,1,3,0,1,hyp
1181904,0,6,0,1,hyp
1181904,0,8,0,1,hyp
1182604,2,3,0,1,hyp
1182604,0,6,0,1,hyp
1185003,5,2,0,1,hyp
1185003,3,5,0,1,hyp
1185003,4,7,0,1,hyp
1187001,4,3,0,1,hyp
1187001,4,5,0,1,hyp
1187001,4,7,0,1,hyp
1187303,1,4,0,1,hyp
1187303,0,6,0,1,hyp
1189901,0,4,0,1,hyp
1189901,2,5,0,1,hyp
1189901,1,7,0,1,hyp
1190501,1,4,0,1,hyp
1190501,1,6,0,1,hyp
1190501,2,7,0,1,hyp
1191001,0,4,0,1,hyp
1191001,1,6,0,1,hyp
1191901,4,3,0,1,hyp
1191901,4,5,0,1,hyp
1194901,3,2,0,1,hyp
1194901,1,4,0,1,hyp
1194901,0,6,0,1,hyp
1194901,0,8,0,1,hyp
1197902,4,2,0,1,hyp
1197902,NA,6,0,1,hyp
1197902,NA,7,0,1,hyp
1198101,4,3,0,1,hyp
1198101,0,4,0,1,hyp
1198901,2,2,0,1,hyp
1198901,1,3,0,1,hyp
1198901,0,5,0,1,hyp
1201701,2,4,0,1,hyp
1201701,4,5,0,1,hyp
1201702,1,2,0,1,hyp
1201702,3,3,0,1,hyp
1201702,2,8,0,1,hyp
1203201,3,3,0,1,hyp
1203201,3,5,0,1,hyp
1203201,3,8,0,1,hyp
1205201,5,4,0,1,hyp
1205201,3,6,0,1,hyp
1207601,4,3,0,1,hyp
1207601,4,5,0,1,hyp
1209201,1,4,0,1,hyp
1209201,0,5,0,1,hyp
1211502,0,2,0,1,hyp
1211502,0,3,0,1,hyp
1211502,0,5,0,1,hyp
1211503,2,3,0,1,hyp
1212303,4,3,0,1,hyp
1212303,4,5,0,1,hyp
1212303,4,6,0,1,hyp
1213501,3,2,0,1,hyp
1213501,0,6,0,1,hyp
1217202,NA,4,0,1,hyp
1217202,1,6,0,1,hyp
1217202,0,8,0,1,hyp
1217204,0,3,0,1,hyp
1217204,0,4,0,1,hyp
1217702,0,3,0,1,hyp
1217704,0,6,0,1,hyp
1219103,2,3,0,1,hyp
1219103,1,5,0,1,hyp
1219103,5,8,0,1,hyp
1219105,2,5,0,1,hyp
1219105,5,6,0,1,hyp
1219106,1,4,0,1,hyp
1219106,2,5,0,1,hyp
1219108,1,4,0,1,hyp
1219108,4,6,0,1,hyp
1221003,2,2,0,1,hyp
1221003,3,6,0,1,hyp
1221702,0,5,0,1,hyp
1224001,0,3,0,1,hyp
1224001,0,6,0,1,hyp
1225402,0,2,0,1,hyp
1225402,1,4,0,1,hyp
1228103,0,3,0,1,hyp
1230302,2,2,0,1,hyp
1230302,0,4,0,1,hyp
1230302,0,6,0,1,hyp
1256601,2,4,0,1,hyp
1256601,1,6,0,1,hyp
1256601,1,7,0,1,hyp
