ses,id,time,math,pc1,pc2,discon
-0.428465,1,0,1.203999,-4,0,0
-0.428465,1,1,2.278898,-3,0,0
-0.428465,1,2,3.716495,-2,0,0
-0.428465,1,3,3.550721,-1,0,0
-0.428465,1,4,3.375575,0,1,1
-0.428465,1,5,4.029231,0,2,1
-0.428465,1,6,5.292819,0,3,1
-0.428465,1,7,4.117426,0,4,1
-0.831093,2,0,0.291965,-4,0,0
-0.831093,2,1,1.8823,-3,0,0
-0.831093,2,2,0.95854,-2,0,0
-0.831093,2,3,0.793806,-1,0,0
-0.831093,2,4,0.021239,0,1,1
-0.831093,2,5,1.709134,0,2,1
-0.831093,2,6,3.127197,0,3,1
-0.831093,2,7,1.71356,0,4,1
0.936131,3,0,-0.634382,-4,0,0
0.936131,3,1,0.84746,-3,0,0
0.936131,3,2,-0.801319,-2,0,0
0.936131,3,3,-0.126182,-1,0,0
0.936131,3,4,-0.496423,0,1,1
0.936131,3,5,-1.009533,0,2,1
0.936131,3,6,1.067997,0,3,1
0.936131,3,7,0.131556,0,4,1
-1.54961,4,0,2.381076,-4,0,0
-1.54961,4,1,1.595952,-3,0,0
-1.54961,4,2,2.692472,-2,0,0
-1.54961,4,3,1.950365,-1,0,0
-1.54961,4,4,2.304335,0,1,1
-1.54961,4,5,-0.324385,0,2,1
-1.54961,4,6,0.539662,0,3,1
-1.54961,4,7,0.121842,0,4,1
-1.414741,5,0,0.396676,-4,0,0
-1.414741,5,1,-2.43739,-3,0,0
-1.414741,5,2,-0.993276,-2,0,0
-1.414741,5,3,1.489516,-1,0,0
-1.414741,5,4,-0.762674,0,1,1
-1.414741,5,5,0.711163,0,2,1
-1.414741,5,6,0.585167,0,3,1
-1.414741,5,7,-1.859684,0,4,1
1.356539,6,0,-1.762769,-4,0,0
1.356539,6,1,-0.764672,-3,0,0
1.356539,6,2,-1.910788,-2,0,0
1.356539,6,3,-1.581298,-1,0,0
1.356539,6,4,-2.689791,0,1,1
1.356539,6,5,-1.237409,0,2,1
1.356539,6,6,-1.162616,0,3,1
1.356539,6,7,-3.555172,0,4,1
-1.622182,7,0,0.295662,-4,0,0
-1.622182,7,1,0.259367,-3,0,0
-1.622182,7,2,0.457777,-2,0,0
-1.622182,7,3,1.759445,-1,0,0
-1.622182,7,4,0.069433,0,1,1
-1.622182,7,5,-0.739528,0,2,1
-1.622182,7,6,-1.35748,0,3,1
-1.622182,7,7,-0.97544,0,4,1
0.424598,8,0,-2.632369,-4,0,0
0.424598,8,1,0.763785,-3,0,0
0.424598,8,2,-0.39253,-2,0,0
0.424598,8,3,-0.76891,-1,0,0
0.424598,8,4,2.402926,0,1,1
0.424598,8,5,1.75727,0,2,1
0.424598,8,6,0.914371,0,3,1
0.424598,8,7,0.98565,0,4,1
-0.198807,9,0,0.495101,-4,0,0
-0.198807,9,1,-0.516657,-3,0,0
-0.198807,9,2,0.072695,-2,0,0
-0.198807,9,3,1.706916,-1,0,0
-0.198807,9,4,3.850865,0,1,1
-0.198807,9,5,3.844755,0,2,1
-0.198807,9,6,2.232886,0,3,1
-0.198807,9,7,1.923475,0,4,1
0.625901,10,0,0.145905,-4,0,0
0.625901,10,1,0.635038,-3,0,0
0.625901,10,2,0.025635,-2,0,0
0.625901,10,3,0.071663,-1,0,0
0.625901,10,4,2.048682,0,1,1
0.625901,10,5,0.072952,0,2,1
0.625901,10,6,1.92424,0,3,1
0.625901,10,7,1.167581,0,4,1
0.236438,11,0,1.920768,-4,0,0
0.236438,11,1,0.786524,-3,0,0
0.236438,11,2,0.623973,-2,0,0
0.236438,11,3,2.599985,-1,0,0
0.236438,11,4,2.158856,0,1,1
0.236438,11,5,2.394692,0,2,1
0.236438,11,6,1.653154,0,3,1
0.236438,11,7,-0.352644,0,4,1
-0.009255,12,0,0.125207,-4,0,0
-0.009255,12,1,-0.500551,-3,0,0
-0.009255,12,2,1.130575,-2,0,0
-0.009255,12,3,-0.800089,-1,0,0
-0.009255,12,4,2.295624,0,1,1
-0.009255,12,5,2.320711,0,2,1
-0.009255,12,6,2.321092,0,3,1
-0.009255,12,7,1.067012,0,4,1
0.274124,13,0,0.773791,-4,0,0
0.274124,13,1,-1.369117,-3,0,0
0.274124,13,2,0.195748,-2,0,0
0.274124,13,3,0.68846,-1,0,0
0.274124,13,4,-1.404162,0,1,1
0.274124,13,5,-0.536838,0,2,1
0.274124,13,6,0.023688,0,3,1
0.274124,13,7,-0.728863,0,4,1
-0.0048,14,0,1.419292,-4,0,0
-0.0048,14,1,0.599966,-3,0,0
-0.0048,14,2,1.462911,-2,0,0
-0.0048,14,3,2.30772,-1,0,0
-0.0048,14,4,4.116029,0,1,1
-0.0048,14,5,2.000796,0,2,1
-0.0048,14,6,4.732153,0,3,1
-0.0048,14,7,4.346223,0,4,1
-0.529235,15,0,0.843071,-4,0,0
-0.529235,15,1,1.280932,-3,0,0
-0.529235,15,2,1.767987,-2,0,0
-0.529235,15,3,1.246346,-1,0,0
-0.529235,15,4,0.750898,0,1,1
-0.529235,15,5,-0.347869,0,2,1
-0.529235,15,6,2.734615,0,3,1
-0.529235,15,7,1.266976,0,4,1
-0.599806,16,0,-1.124167,-4,0,0
-0.599806,16,1,1.166575,-3,0,0
-0.599806,16,2,1.867518,-2,0,0
-0.599806,16,3,1.685016,-1,0,0
-0.599806,16,4,3.488096,0,1,1
-0.599806,16,5,0.676918,0,2,1
-0.599806,16,6,0.314673,0,3,1
-0.599806,16,7,-0.108801,0,4,1
0.587883,17,0,0.509872,-4,0,0
0.587883,17,1,1.219012,-3,0,0
0.587883,17,2,0.134831,-2,0,0
0.587883,17,3,-0.076668,-1,0,0
0.587883,17,4,0.406205,0,1,1
0.587883,17,5,1.054165,0,2,1
0.587883,17,6,-0.374446,0,3,1
0.587883,17,7,1.146762,0,4,1
0.669492,18,0,1.896747,-4,0,0
0.669492,18,1,3.113385,-3,0,0
0.669492,18,2,2.500588,-2,0,0
0.669492,18,3,2.016598,-1,0,0
0.669492,18,4,2.078166,0,1,1
0.669492,18,5,3.333277,0,2,1
0.669492,18,6,1.967869,0,3,1
0.669492,18,7,1.319834,0,4,1
0.513282,19,0,-0.995588,-4,0,0
0.513282,19,1,2.145639,-3,0,0
0.513282,19,2,2.416945,-2,0,0
0.513282,19,3,2.013816,-1,0,0
0.513282,19,4,4.834714,0,1,1
0.513282,19,5,3.313471,0,2,1
0.513282,19,6,0.241437,0,3,1
0.513282,19,7,2.334432,0,4,1
-0.519782,20,0,1.301419,-4,0,0
-0.519782,20,1,1.561305,-3,0,0
-0.519782,20,2,3.349528,-2,0,0
-0.519782,20,3,4.155984,-1,0,0
-0.519782,20,4,1.996605,0,1,1
-0.519782,20,5,1.800813,0,2,1
-0.519782,20,6,0.997082,0,3,1
-0.519782,20,7,2.22047,0,4,1
-0.779706,21,0,0.47478,-4,0,0
-0.779706,21,1,1.5106,-3,0,0
-0.779706,21,2,0.399561,-2,0,0
-0.779706,21,3,1.482026,-1,0,0
-0.779706,21,4,1.256151,0,1,1
-0.779706,21,5,0.403053,0,2,1
-0.779706,21,6,0.264716,0,3,1
-0.779706,21,7,-0.807483,0,4,1
-0.278228,22,0,0.813379,-4,0,0
-0.278228,22,1,2.389052,-3,0,0
-0.278228,22,2,1.440267,-2,0,0
-0.278228,22,3,2.514104,-1,0,0
-0.278228,22,4,0.696059,0,1,1
-0.278228,22,5,0.367522,0,2,1
-0.278228,22,6,2.115684,0,3,1
-0.278228,22,7,3.150085,0,4,1
-0.895328,23,0,0.882592,-4,0,0
-0.895328,23,1,1.288108,-3,0,0
-0.895328,23,2,-0.773194,-2,0,0
-0.895328,23,3,0.376874,-1,0,0
-0.895328,23,4,-1.240548,0,1,1
-0.895328,23,5,-1.03477,0,2,1
-0.895328,23,6,-0.469124,0,3,1
-0.895328,23,7,0.031751,0,4,1
-0.487238,24,0,1.923354,-4,0,0
-0.487238,24,1,1.230446,-3,0,0
-0.487238,24,2,1.269086,-2,0,0
-0.487238,24,3,0.941825,-1,0,0
-0.487238,24,4,1.596422,0,1,1
-0.487238,24,5,1.057398,0,2,1
-0.487238,24,6,2.725407,0,3,1
-0.487238,24,7,1.571605,0,4,1
1.229558,25,0,0.258224,-4,0,0
1.229558,25,1,2.354839,-3,0,0
1.229558,25,2,3.24077,-2,0,0
1.229558,25,3,3.740499,-1,0,0
1.229558,25,4,4.552906,0,1,1
1.229558,25,5,4.032154,0,2,1
1.229558,25,6,3.407325,0,3,1
1.229558,25,7,5.383368,0,4,1
0.475256,26,0,2.830072,-4,0,0
0.475256,26,1,2.545894,-3,0,0
0.475256,26,2,2.170358,-2,0,0
0.475256,26,3,0.894181,-1,0,0
0.475256,26,4,3.040333,0,1,1
0.475256,26,5,0.598687,0,2,1
0.475256,26,6,0.864013,0,3,1
0.475256,26,7,4.26706,0,4,1
-1.00949,27,0,-0.180238,-4,0,0
-1.00949,27,1,-0.749865,-3,0,0
-1.00949,27,2,0.065001,-2,0,0
-1.00949,27,3,-1.440685,-1,0,0
-1.00949,27,4,-0.652857,0,1,1
-1.00949,27,5,-0.371006,0,2,1
-1.00949,27,6,0.498292,0,3,1
-1.00949,27,7,-1.270411,0,4,1
0.217933,28,0,1.072911,-4,0,0
0.217933,28,1,0.516262,-3,0,0
0.217933,28,2,0.06519,-2,0,0
0.217933,28,3,1.509323,-1,0,0
0.217933,28,4,1.826709,0,1,1
0.217933,28,5,0.667202,0,2,1
0.217933,28,6,0.17524,0,3,1
0.217933,28,7,1.03686,0,4,1
0.184982,29,0,0.311245,-4,0,0
0.184982,29,1,1.269293,-3,0,0
0.184982,29,2,1.498045,-2,0,0
0.184982,29,3,1.145245,-1,0,0
0.184982,29,4,0.108828,0,1,1
0.184982,29,5,2.30934,0,2,1
0.184982,29,6,1.764446,0,3,1
0.184982,29,7,2.283505,0,4,1
0.816103,30,0,-1.797287,-4,0,0
0.816103,30,1,-0.357927,-3,0,0
0.816103,30,2,-1.443464,-2,0,0
0.816103,30,3,-0.520371,-1,0,0
0.816103,30,4,1.452758,0,1,1
0.816103,30,5,2.170523,0,2,1
0.816103,30,6,3.328842,0,3,1
0.816103,30,7,5.112206,0,4,1
0.34929,31,0,0.587029,-4,0,0
0.34929,31,1,1.07515,-3,0,0
0.34929,31,2,0.107075,-2,0,0
0.34929,31,3,0.722339,-1,0,0
0.34929,31,4,4.052248,0,1,1
0.34929,31,5,3.435195,0,2,1
0.34929,31,6,1.653477,0,3,1
0.34929,31,7,3.33322,0,4,1
-2.068469,32,0,1.042438,-4,0,0
-2.068469,32,1,-0.607953,-3,0,0
-2.068469,32,2,1.010471,-2,0,0
-2.068469,32,3,1.143495,-1,0,0
-2.068469,32,4,1.483288,0,1,1
-2.068469,32,5,2.125811,0,2,1
-2.068469,32,6,1.737309,0,3,1
-2.068469,32,7,2.651098,0,4,1
0.680827,33,0,-0.251465,-4,0,0
0.680827,33,1,-0.083364,-3,0,0
0.680827,33,2,1.22759,-2,0,0
0.680827,33,3,2.5894,-1,0,0
0.680827,33,4,0.021364,0,1,1
0.680827,33,5,0.909923,0,2,1
0.680827,33,6,2.477427,0,3,1
0.680827,33,7,0.950024,0,4,1
0.569157,34,0,0.493851,-4,0,0
0.569157,34,1,2.056946,-3,0,0
0.569157,34,2,2.096613,-2,0,0
0.569157,34,3,2.66389,-1,0,0
0.569157,34,4,2.347602,0,1,1
0.569157,34,5,1.843169,0,2,1
0.569157,34,6,4.073483,0,3,1
0.569157,34,7,3.38195,0,4,1
-0.523339,35,0,0.388565,-4,0,0
-0.523339,35,1,0.802163,-3,0,0
-0.523339,35,2,2.396216,-2,0,0
-0.523339,35,3,2.908253,-1,0,0
-0.523339,35,4,2.29461,0,1,1
-0.523339,35,5,2.052846,0,2,1
-0.523339,35,6,1.843251,0,3,1
-0.523339,35,7,2.73846,0,4,1
1.41636,36,0,-0.793248,-4,0,0
1.41636,36,1,-0.110007,-3,0,0
1.41636,36,2,0.849634,-2,0,0
1.41636,36,3,2.489271,-1,0,0
1.41636,36,4,2.620946,0,1,1
1.41636,36,5,3.154679,0,2,1
1.41636,36,6,1.949437,0,3,1
1.41636,36,7,4.825939,0,4,1
0.76148,37,0,0.702771,-4,0,0
0.76148,37,1,2.957877,-3,0,0
0.76148,37,2,2.740773,-2,0,0
0.76148,37,3,3.576156,-1,0,0
0.76148,37,4,4.129903,0,1,1
0.76148,37,5,7.000703,0,2,1
0.76148,37,6,4.173774,0,3,1
0.76148,37,7,4.404364,0,4,1
-0.492946,38,0,2.623855,-4,0,0
-0.492946,38,1,1.284437,-3,0,0
-0.492946,38,2,-0.612277,-2,0,0
-0.492946,38,3,0.573038,-1,0,0
-0.492946,38,4,1.122788,0,1,1
-0.492946,38,5,2.556977,0,2,1
-0.492946,38,6,2.273592,0,3,1
-0.492946,38,7,2.252334,0,4,1
1.243352,39,0,-1.011533,-4,0,0
1.243352,39,1,0.93466,-3,0,0
1.243352,39,2,-0.784436,-2,0,0
1.243352,39,3,2.134367,-1,0,0
1.243352,39,4,0.678642,0,1,1
1.243352,39,5,0.022882,0,2,1
1.243352,39,6,-0.312159,0,3,1
1.243352,39,7,1.589064,0,4,1
1.354409,40,0,0.046637,-4,0,0
1.354409,40,1,-0.109205,-3,0,0
1.354409,40,2,1.340981,-2,0,0
1.354409,40,3,1.097141,-1,0,0
1.354409,40,4,3.258556,0,1,1
1.354409,40,5,3.641163,0,2,1
1.354409,40,6,4.254087,0,3,1
1.354409,40,7,2.815135,0,4,1
-0.570347,41,0,-1.85046,-4,0,0
-0.570347,41,1,1.487709,-3,0,0
-0.570347,41,2,2.370252,-2,0,0
-0.570347,41,3,1.953812,-1,0,0
-0.570347,41,4,5.457276,0,1,1
-0.570347,41,5,2.728392,0,2,1
-0.570347,41,6,3.632464,0,3,1
-0.570347,41,7,4.606673,0,4,1
1.329906,42,0,0.031485,-4,0,0
1.329906,42,1,0.562219,-3,0,0
1.329906,42,2,0.88024,-2,0,0
1.329906,42,3,3.938004,-1,0,0
1.329906,42,4,2.30048,0,1,1
1.329906,42,5,2.740761,0,2,1
1.329906,42,6,1.589644,0,3,1
1.329906,42,7,4.662333,0,4,1
-1.08777,43,0,-0.208935,-4,0,0
-1.08777,43,1,1.671507,-3,0,0
-1.08777,43,2,1.728382,-2,0,0
-1.08777,43,3,1.091499,-1,0,0
-1.08777,43,4,-0.147068,0,1,1
-1.08777,43,5,1.819162,0,2,1
-1.08777,43,6,-0.753528,0,3,1
-1.08777,43,7,-0.044709,0,4,1
0.114893,44,0,0.14304,-4,0,0
0.114893,44,1,-0.078778,-3,0,0
0.114893,44,2,2.167037,-2,0,0
0.114893,44,3,1.308548,-1,0,0
0.114893,44,4,-0.54593,0,1,1
0.114893,44,5,0.210816,0,2,1
0.114893,44,6,-1.569486,0,3,1
0.114893,44,7,-1.129922,0,4,1
1.567404,45,0,2.159534,-4,0,0
1.567404,45,1,1.12244,-3,0,0
1.567404,45,2,1.403843,-2,0,0
1.567404,45,3,0.652699,-1,0,0
1.567404,45,4,1.897853,0,1,1
1.567404,45,5,2.320538,0,2,1
1.567404,45,6,2.57975,0,3,1
1.567404,45,7,1.586319,0,4,1
-0.454485,46,0,-0.669365,-4,0,0
-0.454485,46,1,0.681505,-3,0,0
-0.454485,46,2,-0.07566,-2,0,0
-0.454485,46,3,-0.70232000000000006,-1,0,0
-0.454485,46,4,-1.739802,0,1,1
-0.454485,46,5,-3.743688,0,2,1
-0.454485,46,6,-3.86539,0,3,1
-0.454485,46,7,-2.973876,0,4,1
-0.823805,47,0,0.220861,-4,0,0
-0.823805,47,1,2.417977,-3,0,0
-0.823805,47,2,1.968897,-2,0,0
-0.823805,47,3,3.290001,-1,0,0
-0.823805,47,4,4.639313,0,1,1
-0.823805,47,5,3.229551,0,2,1
-0.823805,47,6,5.87869,0,3,1
-0.823805,47,7,4.665412,0,4,1
0.325707,48,0,-1.435656,-4,0,0
0.325707,48,1,1.683404,-3,0,0
0.325707,48,2,0.512965,-2,0,0
0.325707,48,3,-0.144078,-1,0,0
0.325707,48,4,0.463407,0,1,1
0.325707,48,5,1.881452,0,2,1
0.325707,48,6,0.64297,0,3,1
0.325707,48,7,1.935048,0,4,1
1.34575,49,0,-0.516281,-4,0,0
1.34575,49,1,0.485925,-3,0,0
1.34575,49,2,2.886115,-2,0,0
1.34575,49,3,3.186905,-1,0,0
1.34575,49,4,3.144229,0,1,1
1.34575,49,5,5.023371,0,2,1
1.34575,49,6,3.105541,0,3,1
1.34575,49,7,4.21054,0,4,1
-0.125523,50,0,1.879074,-4,0,0
-0.125523,50,1,1.875419,-3,0,0
-0.125523,50,2,2.739075,-2,0,0
-0.125523,50,3,2.017983,-1,0,0
-0.125523,50,4,2.564666,0,1,1
-0.125523,50,5,1.789698,0,2,1
-0.125523,50,6,2.31953,0,3,1
-0.125523,50,7,2.340518,0,4,1
-2.139911,51,0,-0.700992,-4,0,0
-2.139911,51,1,1.585728,-3,0,0
-2.139911,51,2,0.631908,-2,0,0
-2.139911,51,3,1.467463,-1,0,0
-2.139911,51,4,1.384688,0,1,1
-2.139911,51,5,3.100497,0,2,1
-2.139911,51,6,1.421203,0,3,1
-2.139911,51,7,3.445033,0,4,1
-0.379587,52,0,0.565822,-4,0,0
-0.379587,52,1,1.130901,-3,0,0
-0.379587,52,2,1.863529,-2,0,0
-0.379587,52,3,1.205826,-1,0,0
-0.379587,52,4,1.8931,0,1,1
-0.379587,52,5,1.945607,0,2,1
-0.379587,52,6,2.088503,0,3,1
-0.379587,52,7,3.223406,0,4,1
-0.572721,53,0,-0.764411,-4,0,0
-0.572721,53,1,-1.125407,-3,0,0
-0.572721,53,2,0.767912,-2,0,0
-0.572721,53,3,1.896479,-1,0,0
-0.572721,53,4,1.272211,0,1,1
-0.572721,53,5,0.181677,0,2,1
-0.572721,53,6,0.573429,0,3,1
-0.572721,53,7,0.635518,0,4,1
-1.589453,54,0,2.555701,-4,0,0
-1.589453,54,1,-0.603351,-3,0,0
-1.589453,54,2,-0.019499,-2,0,0
-1.589453,54,3,-1.151683,-1,0,0
-1.589453,54,4,2.006146,0,1,1
-1.589453,54,5,0.783459,0,2,1
-1.589453,54,6,-0.602343,0,3,1
-1.589453,54,7,-0.016757,0,4,1
2.193529,55,0,0.375214,-4,0,0
2.193529,55,1,-0.386354,-3,0,0
2.193529,55,2,1.549916,-2,0,0
2.193529,55,3,4.0636,-1,0,0
2.193529,55,4,1.097083,0,1,1
2.193529,55,5,2.949438,0,2,1
2.193529,55,6,3.417874,0,3,1
2.193529,55,7,4.642481,0,4,1
0.096476,56,0,1.442821,-4,0,0
0.096476,56,1,1.883112,-3,0,0
0.096476,56,2,1.630061,-2,0,0
0.096476,56,3,0.377005,-1,0,0
0.096476,56,4,1.580594,0,1,1
0.096476,56,5,1.275554,0,2,1
0.096476,56,6,1.879838,0,3,1
0.096476,56,7,3.885949,0,4,1
1.490604,57,0,0.924159,-4,0,0
1.490604,57,1,2.382437,-3,0,0
1.490604,57,2,-0.329686,-2,0,0
1.490604,57,3,1.466715,-1,0,0
1.490604,57,4,2.089037,0,1,1
1.490604,57,5,3.991078,0,2,1
1.490604,57,6,2.710341,0,3,1
1.490604,57,7,4.1361,0,4,1
-2.1636320000000002,58,0,-1.303385,-4,0,0
-2.1636320000000002,58,1,-0.189178,-3,0,0
-2.1636320000000002,58,2,-1.012801,-2,0,0
-2.1636320000000002,58,3,2.095985,-1,0,0
-2.1636320000000002,58,4,-0.217399,0,1,1
-2.1636320000000002,58,5,0.06997,0,2,1
-2.1636320000000002,58,6,-0.284246,0,3,1
-2.1636320000000002,58,7,-0.121133,0,4,1
-1.113702,59,0,1.640301,-4,0,0
-1.113702,59,1,0.800671,-3,0,0
-1.113702,59,2,0.819945,-2,0,0
-1.113702,59,3,0.289948,-1,0,0
-1.113702,59,4,-1.099214,0,1,1
-1.113702,59,5,-2.678454,0,2,1
-1.113702,59,6,-1.00184,0,3,1
-1.113702,59,7,-0.498336,0,4,1
-1.723207,60,0,0.186837,-4,0,0
-1.723207,60,1,-0.148256,-3,0,0
-1.723207,60,2,0.012219,-2,0,0
-1.723207,60,3,-0.996966,-1,0,0
-1.723207,60,4,-2.928195,0,1,1
-1.723207,60,5,0.093834,0,2,1
-1.723207,60,6,-3.044774,0,3,1
-1.723207,60,7,-3.994133,0,4,1
-0.30825,61,0,1.471173,-4,0,0
-0.30825,61,1,0.167154,-3,0,0
-0.30825,61,2,0.601306,-2,0,0
-0.30825,61,3,1.986864,-1,0,0
-0.30825,61,4,0.899458,0,1,1
-0.30825,61,5,0.533777,0,2,1
-0.30825,61,6,2.078493,0,3,1
-0.30825,61,7,2.710874,0,4,1
0.171069,62,0,0.93991,-4,0,0
0.171069,62,1,1.562464,-3,0,0
0.171069,62,2,0.344112,-2,0,0
0.171069,62,3,2.546435,-1,0,0
0.171069,62,4,-0.350133,0,1,1
0.171069,62,5,1.156153,0,2,1
0.171069,62,6,0.259496,0,3,1
0.171069,62,7,2.287088,0,4,1
-0.138344,63,0,1.461704,-4,0,0
-0.138344,63,1,0.489565,-3,0,0
-0.138344,63,2,1.295439,-2,0,0
-0.138344,63,3,0.315203,-1,0,0
-0.138344,63,4,-1.325159,0,1,1
-0.138344,63,5,-1.137393,0,2,1
-0.138344,63,6,-0.791442,0,3,1
-0.138344,63,7,1.5671,0,4,1
-1.395666,64,0,0.500491,-4,0,0
-1.395666,64,1,2.366421,-3,0,0
-1.395666,64,2,-0.387978,-2,0,0
-1.395666,64,3,1.479421,-1,0,0
-1.395666,64,4,-0.925777,0,1,1
-1.395666,64,5,-1.562458,0,2,1
-1.395666,64,6,0.056033,0,3,1
-1.395666,64,7,1.155576,0,4,1
0.648287,65,0,1.880175,-4,0,0
0.648287,65,1,1.87392,-3,0,0
0.648287,65,2,1.127354,-2,0,0
0.648287,65,3,4.399135,-1,0,0
0.648287,65,4,1.953565,0,1,1
0.648287,65,5,3.584369,0,2,1
0.648287,65,6,5.654882,0,3,1
0.648287,65,7,8.059744,0,4,1
-0.80143,66,0,-0.692356,-4,0,0
-0.80143,66,1,0.186154,-3,0,0
-0.80143,66,2,0.349371,-2,0,0
-0.80143,66,3,-1.5039960000000001,-1,0,0
-0.80143,66,4,0.002395,0,1,1
-0.80143,66,5,-0.723056,0,2,1
-0.80143,66,6,-1.288075,0,3,1
-0.80143,66,7,1.943165,0,4,1
1.267332,67,0,-0.129472,-4,0,0
1.267332,67,1,-0.442762,-3,0,0
1.267332,67,2,0.819909,-2,0,0
1.267332,67,3,2.418272,-1,0,0
1.267332,67,4,2.308805,0,1,1
1.267332,67,5,3.527404,0,2,1
1.267332,67,6,1.931925,0,3,1
1.267332,67,7,2.421536,0,4,1
-0.326774,68,0,-0.492236,-4,0,0
-0.326774,68,1,0.178006,-3,0,0
-0.326774,68,2,0.434465,-2,0,0
-0.326774,68,3,-0.555055,-1,0,0
-0.326774,68,4,0.792521,0,1,1
-0.326774,68,5,2.15263,0,2,1
-0.326774,68,6,2.425954,0,3,1
-0.326774,68,7,1.073073,0,4,1
-0.785876,69,0,1.084335,-4,0,0
-0.785876,69,1,3.673556,-3,0,0
-0.785876,69,2,0.691113,-2,0,0
-0.785876,69,3,-0.104761,-1,0,0
-0.785876,69,4,0.902432,0,1,1
-0.785876,69,5,0.040167,0,2,1
-0.785876,69,6,0.359822,0,3,1
-0.785876,69,7,-0.025635,0,4,1
1.715334,70,0,-0.352134,-4,0,0
1.715334,70,1,-0.236881,-3,0,0
1.715334,70,2,1.516892,-2,0,0
1.715334,70,3,1.471687,-1,0,0
1.715334,70,4,1.297627,0,1,1
1.715334,70,5,-0.05061,0,2,1
1.715334,70,6,0.853799,0,3,1
1.715334,70,7,2.391909,0,4,1
0.803922,71,0,-1.415291,-4,0,0
0.803922,71,1,-0.57204,-3,0,0
0.803922,71,2,0.376972,-2,0,0
0.803922,71,3,1.812832,-1,0,0
0.803922,71,4,1.386824,0,1,1
0.803922,71,5,1.141289,0,2,1
0.803922,71,6,2.643326,0,3,1
0.803922,71,7,2.433598,0,4,1
0.619035,72,0,-1.129889,-4,0,0
0.619035,72,1,0.088111,-3,0,0
0.619035,72,2,-0.436343,-2,0,0
0.619035,72,3,-0.633795,-1,0,0
0.619035,72,4,-0.184444,0,1,1
0.619035,72,5,-0.408382,0,2,1
0.619035,72,6,1.460403,0,3,1
0.619035,72,7,1.173588,0,4,1
1.046409,73,0,0.482636,-4,0,0
1.046409,73,1,1.597352,-3,0,0
1.046409,73,2,4.309613,-2,0,0
1.046409,73,3,2.426096,-1,0,0
1.046409,73,4,2.074139,0,1,1
1.046409,73,5,4.594377,0,2,1
1.046409,73,6,3.117877,0,3,1
1.046409,73,7,2.341697,0,4,1
0.969884,74,0,0.741454,-4,0,0
0.969884,74,1,-0.215021,-3,0,0
0.969884,74,2,1.460859,-2,0,0
0.969884,74,3,0.486022,-1,0,0
0.969884,74,4,0.04804,0,1,1
0.969884,74,5,3.409746,0,2,1
0.969884,74,6,2.215463,0,3,1
0.969884,74,7,3.190514,0,4,1
0.117602,75,0,-0.638834,-4,0,0
0.117602,75,1,1.33468,-3,0,0
0.117602,75,2,0.302417,-2,0,0
0.117602,75,3,0.314224,-1,0,0
0.117602,75,4,-0.240765,0,1,1
0.117602,75,5,-0.269591,0,2,1
0.117602,75,6,0.632119,0,3,1
0.117602,75,7,1.485531,0,4,1
2.461658,76,0,0.353039,-4,0,0
2.461658,76,1,1.276037,-3,0,0
2.461658,76,2,1.855586,-2,0,0
2.461658,76,3,2.317067,-1,0,0
2.461658,76,4,2.821023,0,1,1
2.461658,76,5,4.361716,0,2,1
2.461658,76,6,4.049097,0,3,1
2.461658,76,7,4.480801,0,4,1
0.66955,77,0,2.110198,-4,0,0
0.66955,77,1,2.270245,-3,0,0
0.66955,77,2,1.873701,-2,0,0
0.66955,77,3,3.647242,-1,0,0
0.66955,77,4,2.681984,0,1,1
0.66955,77,5,3.091413,0,2,1
0.66955,77,6,5.624928,0,3,1
0.66955,77,7,4.29492,0,4,1
0.50636,78,0,-0.611795,-4,0,0
0.50636,78,1,0.834686,-3,0,0
0.50636,78,2,1.95738,-2,0,0
0.50636,78,3,0.99828,-1,0,0
0.50636,78,4,-0.753034,0,1,1
0.50636,78,5,1.227697,0,2,1
0.50636,78,6,2.867385,0,3,1
0.50636,78,7,0.260843,0,4,1
-0.222689,79,0,1.140694,-4,0,0
-0.222689,79,1,1.065593,-3,0,0
-0.222689,79,2,-0.005745,-2,0,0
-0.222689,79,3,0.237382,-1,0,0
-0.222689,79,4,-0.200717,0,1,1
-0.222689,79,5,1.177395,0,2,1
-0.222689,79,6,2.135698,0,3,1
-0.222689,79,7,1.498929,0,4,1
0.609992,80,0,0.780808,-4,0,0
0.609992,80,1,3.967018,-3,0,0
0.609992,80,2,2.416745,-2,0,0
0.609992,80,3,3.603971,-1,0,0
0.609992,80,4,4.27699,0,1,1
0.609992,80,5,3.963728,0,2,1
0.609992,80,6,4.433236,0,3,1
0.609992,80,7,3.099042,0,4,1
1.646504,81,0,0.199549,-4,0,0
1.646504,81,1,1.327499,-3,0,0
1.646504,81,2,0.762732,-2,0,0
1.646504,81,3,0.94864,-1,0,0
1.646504,81,4,0.755986,0,1,1
1.646504,81,5,1.079447,0,2,1
1.646504,81,6,2.635844,0,3,1
1.646504,81,7,1.78689,0,4,1
-1.447906,82,0,0.094027,-4,0,0
-1.447906,82,1,-0.364863,-3,0,0
-1.447906,82,2,0.237094,-2,0,0
-1.447906,82,3,0.837395,-1,0,0
-1.447906,82,4,0.566387,0,1,1
-1.447906,82,5,0.624897,0,2,1
-1.447906,82,6,0.81926,0,3,1
-1.447906,82,7,-1.74858,0,4,1
0.583907,83,0,1.132835,-4,0,0
0.583907,83,1,0.816405,-3,0,0
0.583907,83,2,4.186616,-2,0,0
0.583907,83,3,3.580941,-1,0,0
0.583907,83,4,4.3811,0,1,1
0.583907,83,5,4.303151,0,2,1
0.583907,83,6,2.224064,0,3,1
0.583907,83,7,2.170179,0,4,1
0.455227,84,0,0.920691,-4,0,0
0.455227,84,1,-0.782769,-3,0,0
0.455227,84,2,3.070621,-2,0,0
0.455227,84,3,2.460741,-1,0,0
0.455227,84,4,3.764652,0,1,1
0.455227,84,5,1.067524,0,2,1
0.455227,84,6,1.663503,0,3,1
0.455227,84,7,1.876259,0,4,1
0.114215,85,0,0.64336,-4,0,0
0.114215,85,1,-0.775185,-3,0,0
0.114215,85,2,3.208087,-2,0,0
0.114215,85,3,-0.816993,-1,0,0
0.114215,85,4,0.472048,0,1,1
0.114215,85,5,0.135503,0,2,1
0.114215,85,6,2.498644,0,3,1
0.114215,85,7,-1.751016,0,4,1
-0.66998,86,0,2.0438,-4,0,0
-0.66998,86,1,1.632796,-3,0,0
-0.66998,86,2,1.486391,-2,0,0
-0.66998,86,3,0.822044,-1,0,0
-0.66998,86,4,2.463067,0,1,1
-0.66998,86,5,3.316191,0,2,1
-0.66998,86,6,0.946598,0,3,1
-0.66998,86,7,1.491581,0,4,1
0.699313,87,0,0.41721,-4,0,0
0.699313,87,1,1.75724,-3,0,0
0.699313,87,2,1.848993,-2,0,0
0.699313,87,3,0.659686,-1,0,0
0.699313,87,4,2.146963,0,1,1
0.699313,87,5,1.240558,0,2,1
0.699313,87,6,2.839087,0,3,1
0.699313,87,7,1.959249,0,4,1
1.712251,88,0,-0.455052,-4,0,0
1.712251,88,1,-0.95571,-3,0,0
1.712251,88,2,1.555829,-2,0,0
1.712251,88,3,2.13265,-1,0,0
1.712251,88,4,1.462921,0,1,1
1.712251,88,5,2.658368,0,2,1
1.712251,88,6,0.193191,0,3,1
1.712251,88,7,3.233551,0,4,1
-0.17597,89,0,1.953853,-4,0,0
-0.17597,89,1,0.968079,-3,0,0
-0.17597,89,2,0.33412,-2,0,0
-0.17597,89,3,-2.291515,-1,0,0
-0.17597,89,4,-1.198205,0,1,1
-0.17597,89,5,-0.741843,0,2,1
-0.17597,89,6,2.444174,0,3,1
-0.17597,89,7,1.336661,0,4,1
-0.184952,90,0,2.098843,-4,0,0
-0.184952,90,1,1.009939,-3,0,0
-0.184952,90,2,1.761507,-2,0,0
-0.184952,90,3,1.423841,-1,0,0
-0.184952,90,4,0.964353,0,1,1
-0.184952,90,5,0.136179,0,2,1
-0.184952,90,6,-1.012792,0,3,1
-0.184952,90,7,-0.557359,0,4,1
0.128507,91,0,0.492049,-4,0,0
0.128507,91,1,0.960007,-3,0,0
0.128507,91,2,1.947505,-2,0,0
0.128507,91,3,0.727659,-1,0,0
0.128507,91,4,1.71668,0,1,1
0.128507,91,5,2.690331,0,2,1
0.128507,91,6,2.427063,0,3,1
0.128507,91,7,2.379548,0,4,1
0.255403,92,0,-1.337178,-4,0,0
0.255403,92,1,1.162381,-3,0,0
0.255403,92,2,1.301433,-2,0,0
0.255403,92,3,1.631081,-1,0,0
0.255403,92,4,3.253822,0,1,1
0.255403,92,5,3.616644,0,2,1
0.255403,92,6,3.9429,0,3,1
0.255403,92,7,4.330257,0,4,1
-1.535231,93,0,0.705031,-4,0,0
-1.535231,93,1,-0.253806,-3,0,0
-1.535231,93,2,-0.675411,-2,0,0
-1.535231,93,3,-0.277411,-1,0,0
-1.535231,93,4,2.364832,0,1,1
-1.535231,93,5,1.473142,0,2,1
-1.535231,93,6,3.062398,0,3,1
-1.535231,93,7,1.669263,0,4,1
-1.461761,94,0,0.324619,-4,0,0
-1.461761,94,1,-1.010213,-3,0,0
-1.461761,94,2,0.91498,-2,0,0
-1.461761,94,3,0.548217,-1,0,0
-1.461761,94,4,-0.195104,0,1,1
-1.461761,94,5,2.391142,0,2,1
-1.461761,94,6,2.558188,0,3,1
-1.461761,94,7,2.783378,0,4,1
0.552845,95,0,0.519983,-4,0,0
0.552845,95,1,0.682755,-3,0,0
0.552845,95,2,0.682652,-2,0,0
0.552845,95,3,2.556052,-1,0,0
0.552845,95,4,0.325353,0,1,1
0.552845,95,5,1.561246,0,2,1
0.552845,95,6,3.110333,0,3,1
0.552845,95,7,1.338759,0,4,1
2.704232,96,0,2.870725,-4,0,0
2.704232,96,1,0.289957,-3,0,0
2.704232,96,2,2.441505,-2,0,0
2.704232,96,3,1.941013,-1,0,0
2.704232,96,4,2.761832,0,1,1
2.704232,96,5,2.37359,0,2,1
2.704232,96,6,3.847803,0,3,1
2.704232,96,7,3.306727,0,4,1
-1.3305,97,0,-0.511971,-4,0,0
-1.3305,97,1,0.566086,-3,0,0
-1.3305,97,2,0.859225,-2,0,0
-1.3305,97,3,2.077483,-1,0,0
-1.3305,97,4,0.010238,0,1,1
-1.3305,97,5,1.06708,0,2,1
-1.3305,97,6,1.97346,0,3,1
-1.3305,97,7,1.726961,0,4,1
1.027269,98,0,0.817845,-4,0,0
1.027269,98,1,0.763083,-3,0,0
1.027269,98,2,1.054311,-2,0,0
1.027269,98,3,-0.826113,-1,0,0
1.027269,98,4,1.195561,0,1,1
1.027269,98,5,-0.968431,0,2,1
1.027269,98,6,0.399689,0,3,1
1.027269,98,7,1.976246,0,4,1
0.689548,99,0,-0.832438,-4,0,0
0.689548,99,1,-1.614297,-3,0,0
0.689548,99,2,-1.086157,-2,0,0
0.689548,99,3,0.102654,-1,0,0
0.689548,99,4,0.676335,0,1,1
0.689548,99,5,0.324797,0,2,1
0.689548,99,6,0.099854,0,3,1
0.689548,99,7,1.624393,0,4,1
-0.803366,100,0,0.775517,-4,0,0
-0.803366,100,1,-0.937846,-3,0,0
-0.803366,100,2,-0.691062,-2,0,0
-0.803366,100,3,0.803127,-1,0,0
-0.803366,100,4,-0.235176,0,1,1
-0.803366,100,5,-0.285987,0,2,1
-0.803366,100,6,0.332408,0,3,1
-0.803366,100,7,-0.66614,0,4,1
-0.082199,101,0,-0.342892,-4,0,0
-0.082199,101,1,-0.180102,-3,0,0
-0.082199,101,2,0.665246,-2,0,0
-0.082199,101,3,1.550636,-1,0,0
-0.082199,101,4,-0.424566,0,1,1
-0.082199,101,5,2.097438,0,2,1
-0.082199,101,6,1.608454,0,3,1
-0.082199,101,7,1.881014,0,4,1
-0.058228,102,0,-1.050805,-4,0,0
-0.058228,102,1,1.748161,-3,0,0
-0.058228,102,2,1.532011,-2,0,0
-0.058228,102,3,0.639886,-1,0,0
-0.058228,102,4,2.041904,0,1,1
-0.058228,102,5,2.027395,0,2,1
-0.058228,102,6,1.577701,0,3,1
-0.058228,102,7,3.563867,0,4,1
1.333527,103,0,1.472909,-4,0,0
1.333527,103,1,1.668667,-3,0,0
1.333527,103,2,1.823511,-2,0,0
1.333527,103,3,2.373689,-1,0,0
1.333527,103,4,3.068362,0,1,1
1.333527,103,5,1.577078,0,2,1
1.333527,103,6,3.224431,0,3,1
1.333527,103,7,4.821031,0,4,1
-1.834231,104,0,0.033763,-4,0,0
-1.834231,104,1,1.909662,-3,0,0
-1.834231,104,2,-0.267124,-2,0,0
-1.834231,104,3,2.085019,-1,0,0
-1.834231,104,4,2.411452,0,1,1
-1.834231,104,5,1.77292,0,2,1
-1.834231,104,6,1.890517,0,3,1
-1.834231,104,7,2.580599,0,4,1
-0.484228,105,0,1.136298,-4,0,0
-0.484228,105,1,-0.274192,-3,0,0
-0.484228,105,2,1.385397,-2,0,0
-0.484228,105,3,-0.337474,-1,0,0
-0.484228,105,4,2.543596,0,1,1
-0.484228,105,5,0.597337,0,2,1
-0.484228,105,6,2.061058,0,3,1
-0.484228,105,7,4.105975,0,4,1
-0.823668,106,0,-0.057106,-4,0,0
-0.823668,106,1,-0.02275,-3,0,0
-0.823668,106,2,1.063565,-2,0,0
-0.823668,106,3,1.190735,-1,0,0
-0.823668,106,4,1.466257,0,1,1
-0.823668,106,5,2.499759,0,2,1
-0.823668,106,6,3.591559,0,3,1
-0.823668,106,7,2.287854,0,4,1
-0.642508,107,0,-0.155172,-4,0,0
-0.642508,107,1,2.130493,-3,0,0
-0.642508,107,2,0.710579,-2,0,0
-0.642508,107,3,1.32799,-1,0,0
-0.642508,107,4,0.718104,0,1,1
-0.642508,107,5,-0.467231,0,2,1
-0.642508,107,6,0.149544,0,3,1
-0.642508,107,7,-0.183978,0,4,1
-0.760219,108,0,0.728546,-4,0,0
-0.760219,108,1,0.603691,-3,0,0
-0.760219,108,2,0.659485,-2,0,0
-0.760219,108,3,3.07159,-1,0,0
-0.760219,108,4,1.430292,0,1,1
-0.760219,108,5,2.180676,0,2,1
-0.760219,108,6,2.375039,0,3,1
-0.760219,108,7,2.708993,0,4,1
0.618599,109,0,1.155981,-4,0,0
0.618599,109,1,1.36656,-3,0,0
0.618599,109,2,-0.545668,-2,0,0
0.618599,109,3,1.308703,-1,0,0
0.618599,109,4,1.265468,0,1,1
0.618599,109,5,3.806239,0,2,1
0.618599,109,6,4.057645,0,3,1
0.618599,109,7,5.027906,0,4,1
-0.638569,110,0,0.025515,-4,0,0
-0.638569,110,1,0.96376,-3,0,0
-0.638569,110,2,-0.955147,-2,0,0
-0.638569,110,3,-0.311967,-1,0,0
-0.638569,110,4,1.800135,0,1,1
-0.638569,110,5,1.81671,0,2,1
-0.638569,110,6,1.447091,0,3,1
-0.638569,110,7,4.674158,0,4,1
-0.449254,111,0,0.244555,-4,0,0
-0.449254,111,1,2.526104,-3,0,0
-0.449254,111,2,1.833021,-2,0,0
-0.449254,111,3,4.144233,-1,0,0
-0.449254,111,4,3.955684,0,1,1
-0.449254,111,5,2.313421,0,2,1
-0.449254,111,6,3.820747,0,3,1
-0.449254,111,7,5.579921,0,4,1
-1.043849,112,0,-0.655322,-4,0,0
-1.043849,112,1,-1.293478,-3,0,0
-1.043849,112,2,0.788361,-2,0,0
-1.043849,112,3,1.726602,-1,0,0
-1.043849,112,4,3.2909,0,1,1
-1.043849,112,5,1.267786,0,2,1
-1.043849,112,6,5.16273,0,3,1
-1.043849,112,7,4.712958,0,4,1
-0.174089,113,0,2.752399,-4,0,0
-0.174089,113,1,2.615461,-3,0,0
-0.174089,113,2,1.494763,-2,0,0
-0.174089,113,3,3.636705,-1,0,0
-0.174089,113,4,4.487694,0,1,1
-0.174089,113,5,3.865581,0,2,1
-0.174089,113,6,3.617449,0,3,1
-0.174089,113,7,3.349455,0,4,1
0.501649,114,0,0.344963,-4,0,0
0.501649,114,1,2.366337,-3,0,0
0.501649,114,2,2.806889,-2,0,0
0.501649,114,3,2.615963,-1,0,0
0.501649,114,4,3.148903,0,1,1
0.501649,114,5,2.178275,0,2,1
0.501649,114,6,4.748522,0,3,1
0.501649,114,7,3.630922,0,4,1
1.086318,115,0,-0.62179,-4,0,0
1.086318,115,1,-0.918629,-3,0,0
1.086318,115,2,0.706503,-2,0,0
1.086318,115,3,-0.197254,-1,0,0
1.086318,115,4,1.815517,0,1,1
1.086318,115,5,0.898402,0,2,1
1.086318,115,6,-0.057512,0,3,1
1.086318,115,7,1.81281,0,4,1
-0.187471,116,0,0.836113,-4,0,0
-0.187471,116,1,1.252722,-3,0,0
-0.187471,116,2,1.006756,-2,0,0
-0.187471,116,3,0.475548,-1,0,0
-0.187471,116,4,1.091639,0,1,1
-0.187471,116,5,2.94861,0,2,1
-0.187471,116,6,3.772505,0,3,1
-0.187471,116,7,2.093717,0,4,1
0.216352,117,0,3.042293,-4,0,0
0.216352,117,1,2.962137,-3,0,0
0.216352,117,2,2.576187,-2,0,0
0.216352,117,3,5.40825,-1,0,0
0.216352,117,4,6.041238,0,1,1
0.216352,117,5,4.917771,0,2,1
0.216352,117,6,5.266048,0,3,1
0.216352,117,7,7.631691,0,4,1
0.367926,118,0,4.591792,-4,0,0
0.367926,118,1,1.812183,-3,0,0
0.367926,118,2,4.272916,-2,0,0
0.367926,118,3,3.152882,-1,0,0
0.367926,118,4,4.463281,0,1,1
0.367926,118,5,6.519987,0,2,1
0.367926,118,6,7.04027,0,3,1
0.367926,118,7,4.873927,0,4,1
0.145763,119,0,2.894009,-4,0,0
0.145763,119,1,1.513003,-3,0,0
0.145763,119,2,1.841511,-2,0,0
0.145763,119,3,-0.04546,-1,0,0
0.145763,119,4,0.687214,0,1,1
0.145763,119,5,1.117741,0,2,1
0.145763,119,6,0.786424,0,3,1
0.145763,119,7,2.391766,0,4,1
0.321392,120,0,0.133763,-4,0,0
0.321392,120,1,1.73078,-3,0,0
0.321392,120,2,3.437128,-2,0,0
0.321392,120,3,5.156788,-1,0,0
0.321392,120,4,2.847903,0,1,1
0.321392,120,5,2.220221,0,2,1
0.321392,120,6,2.867021,0,3,1
0.321392,120,7,3.033567,0,4,1
0.070074,121,0,-2.957125,-4,0,0
0.070074,121,1,0.8379,-3,0,0
0.070074,121,2,2.140581,-2,0,0
0.070074,121,3,3.200212,-1,0,0
0.070074,121,4,1.75063,0,1,1
0.070074,121,5,-0.288637,0,2,1
0.070074,121,6,3.348972,0,3,1
0.070074,121,7,3.584859,0,4,1
1.646368,122,0,1.704034,-4,0,0
1.646368,122,1,2.263303,-3,0,0
1.646368,122,2,0.999034,-2,0,0
1.646368,122,3,3.021957,-1,0,0
1.646368,122,4,2.673699,0,1,1
1.646368,122,5,1.106723,0,2,1
1.646368,122,6,3.665981,0,3,1
1.646368,122,7,3.999891,0,4,1
-0.018167,123,0,0.799621,-4,0,0
-0.018167,123,1,-1.310834,-3,0,0
-0.018167,123,2,1.401838,-2,0,0
-0.018167,123,3,2.893053,-1,0,0
-0.018167,123,4,1.483409,0,1,1
-0.018167,123,5,2.253594,0,2,1
-0.018167,123,6,1.416693,0,3,1
-0.018167,123,7,-0.357306,0,4,1
-0.043646,124,0,-0.786629,-4,0,0
-0.043646,124,1,0.476891,-3,0,0
-0.043646,124,2,-0.687753,-2,0,0
-0.043646,124,3,0.324388,-1,0,0
-0.043646,124,4,0.927844,0,1,1
-0.043646,124,5,0.946356,0,2,1
-0.043646,124,6,3.526468,0,3,1
-0.043646,124,7,1.322695,0,4,1
-0.241865,125,0,0.318913,-4,0,0
-0.241865,125,1,-0.436671,-3,0,0
-0.241865,125,2,1.637243,-2,0,0
-0.241865,125,3,-0.07585,-1,0,0
-0.241865,125,4,1.477747,0,1,1
-0.241865,125,5,2.432759,0,2,1
-0.241865,125,6,1.633485,0,3,1
-0.241865,125,7,-0.800218,0,4,1
0.218175,126,0,1.014824,-4,0,0
0.218175,126,1,1.42785,-3,0,0
0.218175,126,2,1.593937,-2,0,0
0.218175,126,3,3.643654,-1,0,0
0.218175,126,4,1.424335,0,1,1
0.218175,126,5,-0.571685,0,2,1
0.218175,126,6,-0.400811,0,3,1
0.218175,126,7,2.256674,0,4,1
-0.746292,127,0,0.23471,-4,0,0
-0.746292,127,1,0.089498,-3,0,0
-0.746292,127,2,0.550001,-2,0,0
-0.746292,127,3,2.9849579999999998,-1,0,0
-0.746292,127,4,-1.722553,0,1,1
-0.746292,127,5,0.633451,0,2,1
-0.746292,127,6,-0.366703,0,3,1
-0.746292,127,7,0.051522,0,4,1
0.851749,128,0,1.793569,-4,0,0
0.851749,128,1,2.379098,-3,0,0
0.851749,128,2,2.764613,-2,0,0
0.851749,128,3,1.322619,-1,0,0
0.851749,128,4,1.432545,0,1,1
0.851749,128,5,0.62716,0,2,1
0.851749,128,6,2.351142,0,3,1
0.851749,128,7,1.721004,0,4,1
-0.538871,129,0,-0.222487,-4,0,0
-0.538871,129,1,-0.601307,-3,0,0
-0.538871,129,2,-1.356043,-2,0,0
-0.538871,129,3,-0.890268,-1,0,0
-0.538871,129,4,-2.025206,0,1,1
-0.538871,129,5,-0.831775,0,2,1
-0.538871,129,6,-0.052313,0,3,1
-0.538871,129,7,-1.112664,0,4,1
-0.140068,130,0,-2.315644,-4,0,0
-0.140068,130,1,2.27375,-3,0,0
-0.140068,130,2,0.822051,-2,0,0
-0.140068,130,3,0.352087,-1,0,0
-0.140068,130,4,-1.013756,0,1,1
-0.140068,130,5,-0.014052,0,2,1
-0.140068,130,6,1.380957,0,3,1
-0.140068,130,7,2.937974,0,4,1
0.164905,131,0,1.064316,-4,0,0
0.164905,131,1,3.364336,-3,0,0
0.164905,131,2,0.576202,-2,0,0
0.164905,131,3,2.907004,-1,0,0
0.164905,131,4,2.8885,0,1,1
0.164905,131,5,1.266681,0,2,1
0.164905,131,6,2.274867,0,3,1
0.164905,131,7,2.756687,0,4,1
0.37246,132,0,1.067053,-4,0,0
0.37246,132,1,-0.720407,-3,0,0
0.37246,132,2,1.322676,-2,0,0
0.37246,132,3,0.32217,-1,0,0
0.37246,132,4,0.007568,0,1,1
0.37246,132,5,-1.418808,0,2,1
0.37246,132,6,-0.4465,0,3,1
0.37246,132,7,-2.938724,0,4,1
-0.43267,133,0,-1.229493,-4,0,0
-0.43267,133,1,-0.091253,-3,0,0
-0.43267,133,2,-0.322006,-2,0,0
-0.43267,133,3,-0.302579,-1,0,0
-0.43267,133,4,1.173933,0,1,1
-0.43267,133,5,2.063905,0,2,1
-0.43267,133,6,0.948441,0,3,1
-0.43267,133,7,0.919182,0,4,1
0.795385,134,0,0.743878,-4,0,0
0.795385,134,1,1.509539,-3,0,0
0.795385,134,2,0.260569,-2,0,0
0.795385,134,3,1.587341,-1,0,0
0.795385,134,4,1.36005,0,1,1
0.795385,134,5,1.065416,0,2,1
0.795385,134,6,0.236161,0,3,1
0.795385,134,7,0.928507,0,4,1
1.324632,135,0,0.428637,-4,0,0
1.324632,135,1,1.595179,-3,0,0
1.324632,135,2,0.881258,-2,0,0
1.324632,135,3,0.54578,-1,0,0
1.324632,135,4,-1.281415,0,1,1
1.324632,135,5,1.022254,0,2,1
1.324632,135,6,-0.30253,0,3,1
1.324632,135,7,0.159645,0,4,1
-0.81278,136,0,-0.522807,-4,0,0
-0.81278,136,1,-0.205954,-3,0,0
-0.81278,136,2,-0.585068,-2,0,0
-0.81278,136,3,-2.519309,-1,0,0
-0.81278,136,4,0.327368,0,1,1
-0.81278,136,5,-0.371887,0,2,1
-0.81278,136,6,-1.788046,0,3,1
-0.81278,136,7,-0.989385,0,4,1
-1.849266,137,0,0.612958,-4,0,0
-1.849266,137,1,-0.015787,-3,0,0
-1.849266,137,2,1.680957,-2,0,0
-1.849266,137,3,1.119474,-1,0,0
-1.849266,137,4,1.389469,0,1,1
-1.849266,137,5,0.9928,0,2,1
-1.849266,137,6,1.42201,0,3,1
-1.849266,137,7,1.341597,0,4,1
0.99107,138,0,2.76098,-4,0,0
0.99107,138,1,1.403645,-3,0,0
0.99107,138,2,1.527735,-2,0,0
0.99107,138,3,2.587854,-1,0,0
0.99107,138,4,4.557148,0,1,1
0.99107,138,5,3.38671,0,2,1
0.99107,138,6,-0.092638,0,3,1
0.99107,138,7,3.787404,0,4,1
0.725561,139,0,-2.178873,-4,0,0
0.725561,139,1,2.132261,-3,0,0
0.725561,139,2,0.9401,-2,0,0
0.725561,139,3,2.280997,-1,0,0
0.725561,139,4,3.198685,0,1,1
0.725561,139,5,3.028014,0,2,1
0.725561,139,6,4.385463,0,3,1
0.725561,139,7,5.634538,0,4,1
-1.490598,140,0,-0.408307,-4,0,0
-1.490598,140,1,1.036069,-3,0,0
-1.490598,140,2,1.919829,-2,0,0
-1.490598,140,3,2.094185,-1,0,0
-1.490598,140,4,1.702547,0,1,1
-1.490598,140,5,0.592275,0,2,1
-1.490598,140,6,1.950252,0,3,1
-1.490598,140,7,2.762595,0,4,1
1.14692,141,0,2.039618,-4,0,0
1.14692,141,1,0.595917,-3,0,0
1.14692,141,2,3.33185,-2,0,0
1.14692,141,3,3.108147,-1,0,0
1.14692,141,4,4.341806,0,1,1
1.14692,141,5,1.893574,0,2,1
1.14692,141,6,2.465642,0,3,1
1.14692,141,7,2.908754,0,4,1
0.435666,142,0,-0.864477,-4,0,0
0.435666,142,1,-0.534926,-3,0,0
0.435666,142,2,1.05242,-2,0,0
0.435666,142,3,0.189811,-1,0,0
0.435666,142,4,2.342997,0,1,1
0.435666,142,5,1.813114,0,2,1
0.435666,142,6,-0.123136,0,3,1
0.435666,142,7,2.39737,0,4,1
1.182032,143,0,0.902859,-4,0,0
1.182032,143,1,2.572477,-3,0,0
1.182032,143,2,1.883891,-2,0,0
1.182032,143,3,2.045081,-1,0,0
1.182032,143,4,1.079347,0,1,1
1.182032,143,5,1.920958,0,2,1
1.182032,143,6,1.100464,0,3,1
1.182032,143,7,1.043777,0,4,1
0.153476,144,0,-0.432759,-4,0,0
0.153476,144,1,1.588195,-3,0,0
0.153476,144,2,2.54474,-2,0,0
0.153476,144,3,3.418557,-1,0,0
0.153476,144,4,0.008411,0,1,1
0.153476,144,5,3.88701,0,2,1
0.153476,144,6,3.003615,0,3,1
0.153476,144,7,3.056945,0,4,1
-2.241618,145,0,1.078633,-4,0,0
-2.241618,145,1,-0.037213,-3,0,0
-2.241618,145,2,0.780999,-2,0,0
-2.241618,145,3,0.598269,-1,0,0
-2.241618,145,4,-0.015292,0,1,1
-2.241618,145,5,-0.839575,0,2,1
-2.241618,145,6,0.832479,0,3,1
-2.241618,145,7,-0.017593,0,4,1
-1.586208,146,0,0.11243,-4,0,0
-1.586208,146,1,-0.368502,-3,0,0
-1.586208,146,2,-1.45305,-2,0,0
-1.586208,146,3,-1.267202,-1,0,0
-1.586208,146,4,-0.718998,0,1,1
-1.586208,146,5,0.470698,0,2,1
-1.586208,146,6,-0.53921,0,3,1
-1.586208,146,7,-1.41772,0,4,1
-0.479879,147,0,-0.174211,-4,0,0
-0.479879,147,1,1.046078,-3,0,0
-0.479879,147,2,-1.438456,-2,0,0
-0.479879,147,3,-0.129152,-1,0,0
-0.479879,147,4,1.070668,0,1,1
-0.479879,147,5,1.805842,0,2,1
-0.479879,147,6,1.012455,0,3,1
-0.479879,147,7,1.773331,0,4,1
-2.032206,148,0,-1.160381,-4,0,0
-2.032206,148,1,-0.773887,-3,0,0
-2.032206,148,2,2.314228,-2,0,0
-2.032206,148,3,2.6057,-1,0,0
-2.032206,148,4,1.102909,0,1,1
-2.032206,148,5,-0.948127,0,2,1
-2.032206,148,6,1.875695,0,3,1
-2.032206,148,7,-0.336758,0,4,1
0.795192,149,0,-0.293645,-4,0,0
0.795192,149,1,1.256508,-3,0,0
0.795192,149,2,1.723662,-2,0,0
0.795192,149,3,2.994314,-1,0,0
0.795192,149,4,1.75546,0,1,1
0.795192,149,5,2.60501,0,2,1
0.795192,149,6,0.209133,0,3,1
0.795192,149,7,1.13397,0,4,1
-2.171886,150,0,1.511936,-4,0,0
-2.171886,150,1,1.940645,-3,0,0
-2.171886,150,2,2.329485,-2,0,0
-2.171886,150,3,2.858618,-1,0,0
-2.171886,150,4,4.752243,0,1,1
-2.171886,150,5,1.577981,0,2,1
-2.171886,150,6,-0.267927,0,3,1
-2.171886,150,7,0.612124,0,4,1
-0.606033,151,0,1.288862,-4,0,0
-0.606033,151,1,2.364293,-3,0,0
-0.606033,151,2,1.398837,-2,0,0
-0.606033,151,3,0.451546,-1,0,0
-0.606033,151,4,1.067572,0,1,1
-0.606033,151,5,1.717894,0,2,1
-0.606033,151,6,0.026793,0,3,1
-0.606033,151,7,1.269632,0,4,1
-1.063569,152,0,0.032494,-4,0,0
-1.063569,152,1,-0.30838,-3,0,0
-1.063569,152,2,0.074894,-2,0,0
-1.063569,152,3,1.000427,-1,0,0
-1.063569,152,4,1.686753,0,1,1
-1.063569,152,5,1.762581,0,2,1
-1.063569,152,6,0.77459,0,3,1
-1.063569,152,7,2.595108,0,4,1
1.977818,153,0,1.211512,-4,0,0
1.977818,153,1,0.711454,-3,0,0
1.977818,153,2,-0.984111,-2,0,0
1.977818,153,3,0.825895,-1,0,0
1.977818,153,4,0.17942,0,1,1
1.977818,153,5,3.26163,0,2,1
1.977818,153,6,0.612062,0,3,1
1.977818,153,7,1.865123,0,4,1
2.187499,154,0,0.771156,-4,0,0
2.187499,154,1,2.398646,-3,0,0
2.187499,154,2,3.5294,-2,0,0
2.187499,154,3,2.884981,-1,0,0
2.187499,154,4,1.424481,0,1,1
2.187499,154,5,3.202343,0,2,1
2.187499,154,6,4.264525,0,3,1
2.187499,154,7,4.164281,0,4,1
-0.154474,155,0,-0.978523,-4,0,0
-0.154474,155,1,-0.294029,-3,0,0
-0.154474,155,2,-1.203414,-2,0,0
-0.154474,155,3,-1.187389,-1,0,0
-0.154474,155,4,-0.344705,0,1,1
-0.154474,155,5,-1.073497,0,2,1
-0.154474,155,6,-1.023491,0,3,1
-0.154474,155,7,1.435787,0,4,1
0.534316,156,0,0.387374,-4,0,0
0.534316,156,1,-1.730262,-3,0,0
0.534316,156,2,-0.27085,-2,0,0
0.534316,156,3,-0.439026,-1,0,0
0.534316,156,4,0.970068,0,1,1
0.534316,156,5,-1.070003,0,2,1
0.534316,156,6,-0.336049,0,3,1
0.534316,156,7,-0.475488,0,4,1
-1.739315,157,0,2.07041,-4,0,0
-1.739315,157,1,1.246658,-3,0,0
-1.739315,157,2,3.286122,-2,0,0
-1.739315,157,3,1.638669,-1,0,0
-1.739315,157,4,1.339669,0,1,1
-1.739315,157,5,0.16699,0,2,1
-1.739315,157,6,0.746249,0,3,1
-1.739315,157,7,1.126616,0,4,1
0.049218,158,0,-0.676643,-4,0,0
0.049218,158,1,-0.768433,-3,0,0
0.049218,158,2,-1.111112,-2,0,0
0.049218,158,3,2.263382,-1,0,0
0.049218,158,4,1.042262,0,1,1
0.049218,158,5,0.972627,0,2,1
0.049218,158,6,1.304564,0,3,1
0.049218,158,7,0.483811,0,4,1
-0.488118,159,0,2.103986,-4,0,0
-0.488118,159,1,0.425594,-3,0,0
-0.488118,159,2,1.891086,-2,0,0
-0.488118,159,3,1.893316,-1,0,0
-0.488118,159,4,1.666895,0,1,1
-0.488118,159,5,2.999097,0,2,1
-0.488118,159,6,1.005627,0,3,1
-0.488118,159,7,0.418283,0,4,1
0.232272,160,0,1.128393,-4,0,0
0.232272,160,1,0.077773,-3,0,0
0.232272,160,2,1.196166,-2,0,0
0.232272,160,3,-1.145551,-1,0,0
0.232272,160,4,0.200213,0,1,1
0.232272,160,5,0.441078,0,2,1
0.232272,160,6,3.656652,0,3,1
0.232272,160,7,2.998715,0,4,1
-0.085634,161,0,-0.197803,-4,0,0
-0.085634,161,1,1.647907,-3,0,0
-0.085634,161,2,1.595989,-2,0,0
-0.085634,161,3,1.733998,-1,0,0
-0.085634,161,4,0.193617,0,1,1
-0.085634,161,5,0.934067,0,2,1
-0.085634,161,6,2.282658,0,3,1
-0.085634,161,7,0.624118,0,4,1
0.967015,162,0,0.461768,-4,0,0
0.967015,162,1,0.644909,-3,0,0
0.967015,162,2,3.089035,-2,0,0
0.967015,162,3,1.421233,-1,0,0
0.967015,162,4,5.41165,0,1,1
0.967015,162,5,4.399498,0,2,1
0.967015,162,6,4.024996,0,3,1
0.967015,162,7,5.468913,0,4,1
-2.405496,163,0,1.874846,-4,0,0
-2.405496,163,1,0.515363,-3,0,0
-2.405496,163,2,0.415206,-2,0,0
-2.405496,163,3,0.582352,-1,0,0
-2.405496,163,4,0.926661,0,1,1
-2.405496,163,5,2.5984950000000002,0,2,1
-2.405496,163,6,1.172849,0,3,1
-2.405496,163,7,0.760392,0,4,1
0.545595,164,0,1.037863,-4,0,0
0.545595,164,1,0.127333,-3,0,0
0.545595,164,2,1.064716,-2,0,0
0.545595,164,3,1.284641,-1,0,0
0.545595,164,4,0.534769,0,1,1
0.545595,164,5,-1.067803,0,2,1
0.545595,164,6,0.128876,0,3,1
0.545595,164,7,0.835586,0,4,1
1.548723,165,0,-0.953073,-4,0,0
1.548723,165,1,1.180665,-3,0,0
1.548723,165,2,2.09642,-2,0,0
1.548723,165,3,0.155668,-1,0,0
1.548723,165,4,1.372694,0,1,1
1.548723,165,5,1.526046,0,2,1
1.548723,165,6,2.716813,0,3,1
1.548723,165,7,-0.170218,0,4,1
0.075059,166,0,1.249763,-4,0,0
0.075059,166,1,-0.054642,-3,0,0
0.075059,166,2,0.33497,-2,0,0
0.075059,166,3,0.585624,-1,0,0
0.075059,166,4,-0.691379,0,1,1
0.075059,166,5,1.996236,0,2,1
0.075059,166,6,2.002282,0,3,1
0.075059,166,7,1.145828,0,4,1
1.428146,167,0,0.393841,-4,0,0
1.428146,167,1,1.525255,-3,0,0
1.428146,167,2,1.530849,-2,0,0
1.428146,167,3,4.200788,-1,0,0
1.428146,167,4,4.217052,0,1,1
1.428146,167,5,3.481272,0,2,1
1.428146,167,6,4.041386,0,3,1
1.428146,167,7,3.492568,0,4,1
0.491396,168,0,2.101458,-4,0,0
0.491396,168,1,2.159832,-3,0,0
0.491396,168,2,2.739666,-2,0,0
0.491396,168,3,0.55952,-1,0,0
0.491396,168,4,3.561896,0,1,1
0.491396,168,5,3.925685,0,2,1
0.491396,168,6,2.512538,0,3,1
0.491396,168,7,4.634874,0,4,1
-1.484585,169,0,-0.002134,-4,0,0
-1.484585,169,1,0.454413,-3,0,0
-1.484585,169,2,1.509358,-2,0,0
-1.484585,169,3,1.797778,-1,0,0
-1.484585,169,4,0.766106,0,1,1
-1.484585,169,5,1.858772,0,2,1
-1.484585,169,6,0.509204,0,3,1
-1.484585,169,7,1.066619,0,4,1
1.463913,170,0,-0.5328,-4,0,0
1.463913,170,1,2.304222,-3,0,0
1.463913,170,2,2.172832,-2,0,0
1.463913,170,3,0.84163,-1,0,0
1.463913,170,4,0.867271,0,1,1
1.463913,170,5,1.942272,0,2,1
1.463913,170,6,0.684049,0,3,1
1.463913,170,7,-0.779097,0,4,1
-0.977735,171,0,-0.308724,-4,0,0
-0.977735,171,1,0.804022,-3,0,0
-0.977735,171,2,0.910495,-2,0,0
-0.977735,171,3,0.227427,-1,0,0
-0.977735,171,4,0.278876,0,1,1
-0.977735,171,5,1.437236,0,2,1
-0.977735,171,6,2.165012,0,3,1
-0.977735,171,7,1.819901,0,4,1
1.663756,172,0,1.641346,-4,0,0
1.663756,172,1,1.585656,-3,0,0
1.663756,172,2,2.695707,-2,0,0
1.663756,172,3,1.732265,-1,0,0
1.663756,172,4,2.529459,0,1,1
1.663756,172,5,2.053757,0,2,1
1.663756,172,6,2.865894,0,3,1
1.663756,172,7,3.907838,0,4,1
0.567384,173,0,-1.485297,-4,0,0
0.567384,173,1,2.204409,-3,0,0
0.567384,173,2,2.679847,-2,0,0
0.567384,173,3,1.352322,-1,0,0
0.567384,173,4,1.430711,0,1,1
0.567384,173,5,0.918779,0,2,1
0.567384,173,6,3.129995,0,3,1
0.567384,173,7,3.450583,0,4,1
-0.287892,174,0,1.843155,-4,0,0
-0.287892,174,1,1.950194,-3,0,0
-0.287892,174,2,2.00515,-2,0,0
-0.287892,174,3,3.0496,-1,0,0
-0.287892,174,4,3.909459,0,1,1
-0.287892,174,5,4.941573,0,2,1
-0.287892,174,6,3.84606,0,3,1
-0.287892,174,7,5.421056,0,4,1
0.199951,175,0,-0.462818,-4,0,0
0.199951,175,1,0.783221,-3,0,0
0.199951,175,2,0.619113,-2,0,0
0.199951,175,3,2.744269,-1,0,0
0.199951,175,4,-0.106769,0,1,1
0.199951,175,5,1.636664,0,2,1
0.199951,175,6,0.614922,0,3,1
0.199951,175,7,0.9199,0,4,1
-0.993025,176,0,0.151615,-4,0,0
-0.993025,176,1,-0.070305,-3,0,0
-0.993025,176,2,0.18152,-2,0,0
-0.993025,176,3,1.004692,-1,0,0
-0.993025,176,4,2.001788,0,1,1
-0.993025,176,5,2.34274,0,2,1
-0.993025,176,6,1.849535,0,3,1
-0.993025,176,7,0.827892,0,4,1
-0.061752,177,0,1.253478,-4,0,0
-0.061752,177,1,-0.981085,-3,0,0
-0.061752,177,2,0.836737,-2,0,0
-0.061752,177,3,0.817215,-1,0,0
-0.061752,177,4,-0.223766,0,1,1
-0.061752,177,5,-0.564692,0,2,1
-0.061752,177,6,1.206339,0,3,1
-0.061752,177,7,0.656709,0,4,1
1.450732,178,0,-0.285425,-4,0,0
1.450732,178,1,1.756743,-3,0,0
1.450732,178,2,1.750322,-2,0,0
1.450732,178,3,3.32705,-1,0,0
1.450732,178,4,1.673995,0,1,1
1.450732,178,5,1.544015,0,2,1
1.450732,178,6,0.42814,0,3,1
1.450732,178,7,0.766599,0,4,1
-0.050303,179,0,0.560158,-4,0,0
-0.050303,179,1,-0.313492,-3,0,0
-0.050303,179,2,1.25393,-2,0,0
-0.050303,179,3,0.373914,-1,0,0
-0.050303,179,4,1.971075,0,1,1
-0.050303,179,5,0.346413,0,2,1
-0.050303,179,6,2.677055,0,3,1
-0.050303,179,7,3.234955,0,4,1
0.737357,180,0,0.476136,-4,0,0
0.737357,180,1,-0.415172,-3,0,0
0.737357,180,2,1.168674,-2,0,0
0.737357,180,3,1.177404,-1,0,0
0.737357,180,4,2.690739,0,1,1
0.737357,180,5,2.103398,0,2,1
0.737357,180,6,2.017106,0,3,1
0.737357,180,7,3.18201,0,4,1
1.080885,181,0,0.620475,-4,0,0
1.080885,181,1,0.801152,-3,0,0
1.080885,181,2,0.25366,-2,0,0
1.080885,181,3,0.698543,-1,0,0
1.080885,181,4,0.249759,0,1,1
1.080885,181,5,-0.291544,0,2,1
1.080885,181,6,-0.305804,0,3,1
1.080885,181,7,0.399291,0,4,1
-0.266486,182,0,0.017602,-4,0,0
-0.266486,182,1,-0.926144,-3,0,0
-0.266486,182,2,0.619979,-2,0,0
-0.266486,182,3,-0.262267,-1,0,0
-0.266486,182,4,0.309443,0,1,1
-0.266486,182,5,0.464039,0,2,1
-0.266486,182,6,-2.068286,0,3,1
-0.266486,182,7,-1.95556,0,4,1
1.0490950000000001,183,0,0.403392,-4,0,0
1.0490950000000001,183,1,1.285014,-3,0,0
1.0490950000000001,183,2,3.359724,-2,0,0
1.0490950000000001,183,3,3.124295,-1,0,0
1.0490950000000001,183,4,2.412814,0,1,1
1.0490950000000001,183,5,1.061816,0,2,1
1.0490950000000001,183,6,4.485356,0,3,1
1.0490950000000001,183,7,4.232151,0,4,1
0.947181,184,0,0.394727,-4,0,0
0.947181,184,1,1.149172,-3,0,0
0.947181,184,2,2.987881,-2,0,0
0.947181,184,3,3.147866,-1,0,0
0.947181,184,4,4.162382,0,1,1
0.947181,184,5,5.043302,0,2,1
0.947181,184,6,3.170896,0,3,1
0.947181,184,7,4.979474,0,4,1
-0.117449,185,0,0.453485,-4,0,0
-0.117449,185,1,0.070856,-3,0,0
-0.117449,185,2,2.377694,-2,0,0
-0.117449,185,3,2.874527,-1,0,0
-0.117449,185,4,2.940502,0,1,1
-0.117449,185,5,6.025953,0,2,1
-0.117449,185,6,3.891594,0,3,1
-0.117449,185,7,3.859836,0,4,1
1.666506,186,0,0.918222,-4,0,0
1.666506,186,1,1.012215,-3,0,0
1.666506,186,2,2.297689,-2,0,0
1.666506,186,3,1.178133,-1,0,0
1.666506,186,4,2.981053,0,1,1
1.666506,186,5,2.82906,0,2,1
1.666506,186,6,1.279131,0,3,1
1.666506,186,7,4.350619,0,4,1
0.720417,187,0,0.268158,-4,0,0
0.720417,187,1,0.415698,-3,0,0
0.720417,187,2,1.898694,-2,0,0
0.720417,187,3,2.408523,-1,0,0
0.720417,187,4,-1.039409,0,1,1
0.720417,187,5,1.365906,0,2,1
0.720417,187,6,1.593095,0,3,1
0.720417,187,7,0.414521,0,4,1
-0.21717,188,0,0.12698,-4,0,0
-0.21717,188,1,2.01017,-3,0,0
-0.21717,188,2,2.395589,-2,0,0
-0.21717,188,3,3.135444,-1,0,0
-0.21717,188,4,2.299485,0,1,1
-0.21717,188,5,6.781027,0,2,1
-0.21717,188,6,7.755242,0,3,1
-0.21717,188,7,6.017417,0,4,1
1.151933,189,0,1.40765,-4,0,0
1.151933,189,1,-0.583818,-3,0,0
1.151933,189,2,-1.707579,-2,0,0
1.151933,189,3,0.547446,-1,0,0
1.151933,189,4,-0.477665,0,1,1
1.151933,189,5,-0.561205,0,2,1
1.151933,189,6,-1.039132,0,3,1
1.151933,189,7,-2.940116,0,4,1
-1.944568,190,0,1.33514,-4,0,0
-1.944568,190,1,2.909824,-3,0,0
-1.944568,190,2,1.0060500000000001,-2,0,0
-1.944568,190,3,3.726014,-1,0,0
-1.944568,190,4,1.778901,0,1,1
-1.944568,190,5,1.669158,0,2,1
-1.944568,190,6,0.712935,0,3,1
-1.944568,190,7,3.751819,0,4,1
0.683221,191,0,-0.546085,-4,0,0
0.683221,191,1,0.675748,-3,0,0
0.683221,191,2,3.007323,-2,0,0
0.683221,191,3,0.489604,-1,0,0
0.683221,191,4,2.114898,0,1,1
0.683221,191,5,0.071044,0,2,1
0.683221,191,6,-0.302729,0,3,1
0.683221,191,7,1.01611,0,4,1
0.556676,192,0,2.10014,-4,0,0
0.556676,192,1,2.088767,-3,0,0
0.556676,192,2,0.161485,-2,0,0
0.556676,192,3,1.386182,-1,0,0
0.556676,192,4,2.324475,0,1,1
0.556676,192,5,3.263912,0,2,1
0.556676,192,6,2.058079,0,3,1
0.556676,192,7,3.146643,0,4,1
-1.126565,193,0,0.174717,-4,0,0
-1.126565,193,1,0.682103,-3,0,0
-1.126565,193,2,0.839391,-2,0,0
-1.126565,193,3,3.733296,-1,0,0
-1.126565,193,4,0.442707,0,1,1
-1.126565,193,5,1.093647,0,2,1
-1.126565,193,6,1.173539,0,3,1
-1.126565,193,7,3.701915,0,4,1
-0.558915,194,0,-0.282749,-4,0,0
-0.558915,194,1,2.026015,-3,0,0
-0.558915,194,2,3.911018,-2,0,0
-0.558915,194,3,0.692663,-1,0,0
-0.558915,194,4,0.751849,0,1,1
-0.558915,194,5,-0.273935,0,2,1
-0.558915,194,6,0.650155,0,3,1
-0.558915,194,7,-2.080151,0,4,1
0.564918,195,0,0.383514,-4,0,0
0.564918,195,1,1.047215,-3,0,0
0.564918,195,2,0.941145,-2,0,0
0.564918,195,3,1.62165,-1,0,0
0.564918,195,4,3.972189,0,1,1
0.564918,195,5,2.478617,0,2,1
0.564918,195,6,1.268493,0,3,1
0.564918,195,7,1.574738,0,4,1
0.848998,196,0,0.971379,-4,0,0
0.848998,196,1,0.486271,-3,0,0
0.848998,196,2,1.033792,-2,0,0
0.848998,196,3,1.822314,-1,0,0
0.848998,196,4,1.154439,0,1,1
0.848998,196,5,4.448309,0,2,1
0.848998,196,6,2.028551,0,3,1
0.848998,196,7,2.835431,0,4,1
-0.207118,197,0,0.971913,-4,0,0
-0.207118,197,1,-1.414627,-3,0,0
-0.207118,197,2,3.053284,-2,0,0
-0.207118,197,3,2.098046,-1,0,0
-0.207118,197,4,0.461116,0,1,1
-0.207118,197,5,-1.137073,0,2,1
-0.207118,197,6,0.794668,0,3,1
-0.207118,197,7,1.234833,0,4,1
0.079919,198,0,-1.49944,-4,0,0
0.079919,198,1,-0.197248,-3,0,0
0.079919,198,2,0.167478,-2,0,0
0.079919,198,3,0.44402199999999997,-1,0,0
0.079919,198,4,1.718673,0,1,1
0.079919,198,5,0.573858,0,2,1
0.079919,198,6,1.082081,0,3,1
0.079919,198,7,1.184427,0,4,1
-0.19732,199,0,0.101919,-4,0,0
-0.19732,199,1,0.092139,-3,0,0
-0.19732,199,2,1.670643,-2,0,0
-0.19732,199,3,-0.6064,-1,0,0
-0.19732,199,4,0.210922,0,1,1
-0.19732,199,5,-0.629862,0,2,1
-0.19732,199,6,1.159745,0,3,1
-0.19732,199,7,1.133566,0,4,1
0.646695,200,0,0.823769,-4,0,0
0.646695,200,1,3.35902,-3,0,0
0.646695,200,2,3.049115,-2,0,0
0.646695,200,3,5.574487,-1,0,0
0.646695,200,4,3.729331,0,1,1
0.646695,200,5,3.993997,0,2,1
0.646695,200,6,3.979112,0,3,1
0.646695,200,7,2.07033,0,4,1
