School,Student,Treat,name,value,D1,D2
1,1,-0.5,Y1,29.3637752532959,1,0
1,1,-0.5,Y2,47.35104751586914,0,1
1,2,-0.5,Y1,52.20915985107422,1,0
1,2,-0.5,Y2,49.772117614746094,0,1
1,3,-0.5,Y1,42.21330261230469,1,0
1,3,-0.5,Y2,36.21236038208008,0,1
1,4,-0.5,Y1,46.693180084228516,1,0
1,4,-0.5,Y2,63.724334716796875,0,1
1,5,-0.5,Y1,48.707603454589844,1,0
1,5,-0.5,Y2,48.04736328125,0,1
1,6,-0.5,Y1,23.405065536499023,1,0
1,6,-0.5,Y2,11.079479217529297,0,1
1,7,-0.5,Y1,39.592430114746094,1,0
1,7,-0.5,Y2,40.12430953979492,0,1
1,8,-0.5,Y1,56.995521545410156,1,0
1,8,-0.5,Y2,49.63878631591797,0,1
1,9,-0.5,Y1,44.34722900390625,1,0
1,9,-0.5,Y2,42.88926696777344,0,1
1,10,-0.5,Y1,52.19893264770508,1,0
1,10,-0.5,Y2,33.37183380126953,0,1
1,11,-0.5,Y1,35.86652374267578,1,0
1,11,-0.5,Y2,38.111907958984375,0,1
1,12,-0.5,Y1,41.63774490356445,1,0
1,12,-0.5,Y2,36.9931755065918,0,1
1,13,-0.5,Y1,49.56503677368164,1,0
1,13,-0.5,Y2,64.95549011230469,0,1
1,14,-0.5,Y1,34.400840759277344,1,0
1,14,-0.5,Y2,30.83763313293457,0,1
1,15,-0.5,Y1,56.2232551574707,1,0
1,15,-0.5,Y2,53.293209075927734,0,1
1,16,-0.5,Y1,56.21030044555664,1,0
1,16,-0.5,Y2,44.709632873535156,0,1
1,17,-0.5,Y1,51.82260513305664,1,0
1,17,-0.5,Y2,34.621036529541016,0,1
1,18,-0.5,Y1,39.657958984375,1,0
1,18,-0.5,Y2,50.48780059814453,0,1
1,19,-0.5,Y1,56.20637512207031,1,0
1,19,-0.5,Y2,42.30122756958008,0,1
1,20,-0.5,Y1,49.784122467041016,1,0
1,20,-0.5,Y2,52.145263671875,0,1
2,21,-0.5,Y1,50.27183151245117,1,0
2,21,-0.5,Y2,54.68034744262695,0,1
2,22,-0.5,Y1,36.34925079345703,1,0
2,22,-0.5,Y2,47.805843353271484,0,1
2,23,-0.5,Y1,62.64925003051758,1,0
2,23,-0.5,Y2,60.798118591308594,0,1
2,24,-0.5,Y1,47.35911178588867,1,0
2,24,-0.5,Y2,55.44409942626953,0,1
2,25,-0.5,Y1,43.399925231933594,1,0
2,25,-0.5,Y2,68.765106201171875,0,1
2,26,-0.5,Y1,57.74333572387695,1,0
2,26,-0.5,Y2,69.37653350830078,0,1
2,27,-0.5,Y1,43.76300048828125,1,0
2,27,-0.5,Y2,36.34528350830078,0,1
2,28,-0.5,Y1,45.396324157714844,1,0
2,28,-0.5,Y2,55.11009216308594,0,1
2,29,-0.5,Y1,58.50152587890625,1,0
2,29,-0.5,Y2,62.270263671875,0,1
2,30,-0.5,Y1,52.59128189086914,1,0
2,30,-0.5,Y2,49.52700424194336,0,1
2,31,-0.5,Y1,49.05389404296875,1,0
2,31,-0.5,Y2,45.893836975097656,0,1
2,32,-0.5,Y1,52.601043701171875,1,0
2,32,-0.5,Y2,45.85255432128906,0,1
2,33,-0.5,Y1,58.392547607421875,1,0
2,33,-0.5,Y2,53.88581085205078,0,1
2,34,-0.5,Y1,60.56547164916992,1,0
2,34,-0.5,Y2,41.753108978271484,0,1
2,35,-0.5,Y1,50.22237777709961,1,0
2,35,-0.5,Y2,63.02900695800781,0,1
2,36,-0.5,Y1,37.735347747802734,1,0
2,36,-0.5,Y2,30.06668472290039,0,1
2,37,-0.5,Y1,37.81880187988281,1,0
2,37,-0.5,Y2,38.4858283996582,0,1
2,38,-0.5,Y1,57.06495666503906,1,0
2,38,-0.5,Y2,56.54959487915039,0,1
2,39,-0.5,Y1,47.46722412109375,1,0
2,39,-0.5,Y2,27.040733337402344,0,1
2,40,-0.5,Y1,36.57255935668945,1,0
2,40,-0.5,Y2,39.59326171875,0,1
3,41,-0.5,Y1,40.806884765625,1,0
3,41,-0.5,Y2,34.21636962890625,0,1
3,42,-0.5,Y1,38.80351257324219,1,0
3,42,-0.5,Y2,26.4866943359375,0,1
3,43,-0.5,Y1,43.739593505859375,1,0
3,43,-0.5,Y2,16.078201293945313,0,1
3,44,-0.5,Y1,64.42060089111328,1,0
3,44,-0.5,Y2,38.86478805541992,0,1
3,45,-0.5,Y1,52.71805191040039,1,0
3,45,-0.5,Y2,35.924339294433594,0,1
3,46,-0.5,Y1,48.1091423034668,1,0
3,46,-0.5,Y2,37.18944549560547,0,1
3,47,-0.5,Y1,37.970787048339844,1,0
3,47,-0.5,Y2,41.5736083984375,0,1
3,48,-0.5,Y1,30.870079040527344,1,0
3,48,-0.5,Y2,38.4736442565918,0,1
3,49,-0.5,Y1,38.396602630615234,1,0
3,49,-0.5,Y2,30.823572158813477,0,1
3,50,-0.5,Y1,32.07647705078125,1,0
3,50,-0.5,Y2,20.545238494873047,0,1
3,51,-0.5,Y1,29.58500862121582,1,0
3,51,-0.5,Y2,30.221813201904297,0,1
3,52,-0.5,Y1,53.86155319213867,1,0
3,52,-0.5,Y2,43.65047073364258,0,1
3,53,-0.5,Y1,33.40901565551758,1,0
3,53,-0.5,Y2,44.15721130371094,0,1
3,54,-0.5,Y1,35.000572204589844,1,0
3,54,-0.5,Y2,44.419036865234375,0,1
3,55,-0.5,Y1,33.83494186401367,1,0
3,55,-0.5,Y2,30.423076629638672,0,1
3,56,-0.5,Y1,42.05718231201172,1,0
3,56,-0.5,Y2,50.22577667236328,0,1
3,57,-0.5,Y1,31.578048706054688,1,0
3,57,-0.5,Y2,43.2259407043457,0,1
3,58,-0.5,Y1,47.37291717529297,1,0
3,58,-0.5,Y2,46.811336517333984,0,1
3,59,-0.5,Y1,37.843666076660156,1,0
3,59,-0.5,Y2,40.283451080322266,0,1
3,60,-0.5,Y1,51.14052200317383,1,0
3,60,-0.5,Y2,36.71147155761719,0,1
4,61,-0.5,Y1,33.816505432128906,1,0
4,61,-0.5,Y2,45.18076705932617,0,1
4,62,-0.5,Y1,61.077754974365234,1,0
4,62,-0.5,Y2,37.450172424316406,0,1
4,63,-0.5,Y1,48.425838470458984,1,0
4,63,-0.5,Y2,46.91922378540039,0,1
4,64,-0.5,Y1,50.196964263916016,1,0
4,64,-0.5,Y2,44.73844909667969,0,1
4,65,-0.5,Y1,59.218048095703125,1,0
4,65,-0.5,Y2,53.08955383300781,0,1
4,66,-0.5,Y1,26.407798767089844,1,0
4,66,-0.5,Y2,27.50505828857422,0,1
4,67,-0.5,Y1,38.8792724609375,1,0
4,67,-0.5,Y2,44.54936981201172,0,1
4,68,-0.5,Y1,41.11742401123047,1,0
4,68,-0.5,Y2,37.89311981201172,0,1
4,69,-0.5,Y1,45.50918197631836,1,0
4,69,-0.5,Y2,54.399105072021484,0,1
4,70,-0.5,Y1,47.418521881103516,1,0
4,70,-0.5,Y2,33.81341552734375,0,1
4,71,-0.5,Y1,51.54850769042969,1,0
4,71,-0.5,Y2,56.833744049072266,0,1
4,72,-0.5,Y1,48.615203857421875,1,0
4,72,-0.5,Y2,24.02938461303711,0,1
4,73,-0.5,Y1,53.546627044677734,1,0
4,73,-0.5,Y2,36.2422981262207,0,1
4,74,-0.5,Y1,48.15488815307617,1,0
4,74,-0.5,Y2,38.884971618652344,0,1
4,75,-0.5,Y1,39.606693267822266,1,0
4,75,-0.5,Y2,32.4594612121582,0,1
4,76,-0.5,Y1,32.877113342285156,1,0
4,76,-0.5,Y2,44.383628845214844,0,1
4,77,-0.5,Y1,27.770545959472656,1,0
4,77,-0.5,Y2,30.53714942932129,0,1
4,78,-0.5,Y1,43.80618667602539,1,0
4,78,-0.5,Y2,48.38311767578125,0,1
4,79,-0.5,Y1,52.6353759765625,1,0
4,79,-0.5,Y2,56.97819900512695,0,1
4,80,-0.5,Y1,46.7531623840332,1,0
4,80,-0.5,Y2,49.70268249511719,0,1
5,81,-0.5,Y1,49.04766845703125,1,0
5,81,-0.5,Y2,49.64989471435547,0,1
5,82,-0.5,Y1,55.18037414550781,1,0
5,82,-0.5,Y2,43.21039581298828,0,1
5,83,-0.5,Y1,52.734397888183594,1,0
5,83,-0.5,Y2,44.732643127441406,0,1
5,84,-0.5,Y1,36.49570846557617,1,0
5,84,-0.5,Y2,38.98161315917969,0,1
5,85,-0.5,Y1,45.641990661621094,1,0
5,85,-0.5,Y2,53.02004623413086,0,1
5,86,-0.5,Y1,37.04261779785156,1,0
5,86,-0.5,Y2,42.12263107299805,0,1
5,87,-0.5,Y1,39.418067932128906,1,0
5,87,-0.5,Y2,46.65472412109375,0,1
5,88,-0.5,Y1,40.59486770629883,1,0
5,88,-0.5,Y2,44.87458038330078,0,1
5,89,-0.5,Y1,39.8095588684082,1,0
5,89,-0.5,Y2,34.053260803222656,0,1
5,90,-0.5,Y1,69.31708526611328,1,0
5,90,-0.5,Y2,49.6277961730957,0,1
5,91,-0.5,Y1,51.11387634277344,1,0
5,91,-0.5,Y2,41.0120964050293,0,1
5,92,-0.5,Y1,58.63673400878906,1,0
5,92,-0.5,Y2,36.98206329345703,0,1
5,93,-0.5,Y1,43.64838409423828,1,0
5,93,-0.5,Y2,21.7032413482666,0,1
5,94,-0.5,Y1,63.53799057006836,1,0
5,94,-0.5,Y2,49.35776138305664,0,1
5,95,-0.5,Y1,42.37966537475586,1,0
5,95,-0.5,Y2,49.07007598876953,0,1
5,96,-0.5,Y1,33.4853401184082,1,0
5,96,-0.5,Y2,44.69585037231445,0,1
5,97,-0.5,Y1,31.583162307739258,1,0
5,97,-0.5,Y2,53.839778900146484,0,1
5,98,-0.5,Y1,46.60395431518555,1,0
5,98,-0.5,Y2,53.191802978515625,0,1
5,99,-0.5,Y1,51.084659576416016,1,0
5,99,-0.5,Y2,49.26412582397461,0,1
5,100,-0.5,Y1,35.416194915771484,1,0
5,100,-0.5,Y2,30.79163360595703,0,1
6,101,-0.5,Y1,37.74607849121094,1,0
6,101,-0.5,Y2,30.41074562072754,0,1
6,102,-0.5,Y1,48.624141693115234,1,0
6,102,-0.5,Y2,51.20958709716797,0,1
6,103,-0.5,Y1,47.51900863647461,1,0
6,103,-0.5,Y2,64.57855224609375,0,1
6,104,-0.5,Y1,40.86481475830078,1,0
6,104,-0.5,Y2,41.80607223510742,0,1
6,105,-0.5,Y1,48.844146728515625,1,0
6,105,-0.5,Y2,49.6781120300293,0,1
6,106,-0.5,Y1,34.16011428833008,1,0
6,106,-0.5,Y2,52.953189849853516,0,1
6,107,-0.5,Y1,52.8944091796875,1,0
6,107,-0.5,Y2,58.071571350097656,0,1
6,108,-0.5,Y1,34.686378479003906,1,0
6,108,-0.5,Y2,37.96476745605469,0,1
6,109,-0.5,Y1,37.71039581298828,1,0
6,109,-0.5,Y2,35.997825622558594,0,1
6,110,-0.5,Y1,50.75203323364258,1,0
6,110,-0.5,Y2,51.849754333496094,0,1
6,111,-0.5,Y1,34.923484802246094,1,0
6,111,-0.5,Y2,56.07380294799805,0,1
6,112,-0.5,Y1,43.505733489990234,1,0
6,112,-0.5,Y2,57.49949264526367,0,1
6,113,-0.5,Y1,51.967533111572266,1,0
6,113,-0.5,Y2,55.60700988769531,0,1
6,114,-0.5,Y1,37.01848220825195,1,0
6,114,-0.5,Y2,46.09703826904297,0,1
6,115,-0.5,Y1,55.80225372314453,1,0
6,115,-0.5,Y2,66.43572998046875,0,1
6,116,-0.5,Y1,46.639835357666016,1,0
6,116,-0.5,Y2,50.67238235473633,0,1
6,117,-0.5,Y1,39.0521125793457,1,0
6,117,-0.5,Y2,42.765525817871094,0,1
6,118,-0.5,Y1,44.44570541381836,1,0
6,118,-0.5,Y2,55.286338806152344,0,1
6,119,-0.5,Y1,32.9703369140625,1,0
6,119,-0.5,Y2,50.37118911743164,0,1
6,120,-0.5,Y1,32.25477981567383,1,0
6,120,-0.5,Y2,50.17525863647461,0,1
7,121,-0.5,Y1,58.33142852783203,1,0
7,121,-0.5,Y2,42.61284255981445,0,1
7,122,-0.5,Y1,38.37508010864258,1,0
7,122,-0.5,Y2,29.413475036621094,0,1
7,123,-0.5,Y1,49.3667106628418,1,0
7,123,-0.5,Y2,43.216556549072266,0,1
7,124,-0.5,Y1,55.28184127807617,1,0
7,124,-0.5,Y2,45.527931213378906,0,1
7,125,-0.5,Y1,57.57120895385742,1,0
7,125,-0.5,Y2,47.993404388427734,0,1
7,126,-0.5,Y1,26.82610321044922,1,0
7,126,-0.5,Y2,30.976633071899414,0,1
7,127,-0.5,Y1,39.939632415771484,1,0
7,127,-0.5,Y2,38.22127914428711,0,1
7,128,-0.5,Y1,52.45301818847656,1,0
7,128,-0.5,Y2,57.476158142089844,0,1
7,129,-0.5,Y1,33.60066604614258,1,0
7,129,-0.5,Y2,31.140933990478516,0,1
7,130,-0.5,Y1,44.45180892944336,1,0
7,130,-0.5,Y2,52.92475891113281,0,1
7,131,-0.5,Y1,52.932823181152344,1,0
7,131,-0.5,Y2,42.49552917480469,0,1
7,132,-0.5,Y1,48.95592498779297,1,0
7,132,-0.5,Y2,61.92633819580078,0,1
7,133,-0.5,Y1,39.483612060546875,1,0
7,133,-0.5,Y2,34.877933502197266,0,1
7,134,-0.5,Y1,62.187522888183594,1,0
7,134,-0.5,Y2,59.33174133300781,0,1
7,135,-0.5,Y1,34.67911148071289,1,0
7,135,-0.5,Y2,29.250591278076172,0,1
7,136,-0.5,Y1,41.29531478881836,1,0
7,136,-0.5,Y2,47.26464080810547,0,1
7,137,-0.5,Y1,39.16453552246094,1,0
7,137,-0.5,Y2,56.39947509765625,0,1
7,138,-0.5,Y1,52.429935455322266,1,0
7,138,-0.5,Y2,28.270170211791992,0,1
7,139,-0.5,Y1,52.60533142089844,1,0
7,139,-0.5,Y2,48.69945526123047,0,1
7,140,-0.5,Y1,56.347320556640625,1,0
7,140,-0.5,Y2,40.48530578613281,0,1
8,141,-0.5,Y1,31.292097091674805,1,0
8,141,-0.5,Y2,47.08583450317383,0,1
8,142,-0.5,Y1,63.34881591796875,1,0
8,142,-0.5,Y2,47.08578109741211,0,1
8,143,-0.5,Y1,37.58084487915039,1,0
8,143,-0.5,Y2,41.709651947021484,0,1
8,144,-0.5,Y1,30.330114364624023,1,0
8,144,-0.5,Y2,30.394113540649414,0,1
8,145,-0.5,Y1,40.304954528808594,1,0
8,145,-0.5,Y2,58.70734786987305,0,1
8,146,-0.5,Y1,37.363807678222656,1,0
8,146,-0.5,Y2,48.140892028808594,0,1
8,147,-0.5,Y1,23.037508010864258,1,0
8,147,-0.5,Y2,38.71653747558594,0,1
8,148,-0.5,Y1,75.44422912597656,1,0
8,148,-0.5,Y2,53.038639068603516,0,1
8,149,-0.5,Y1,43.45036315917969,1,0
8,149,-0.5,Y2,40.198265075683594,0,1
8,150,-0.5,Y1,38.08380889892578,1,0
8,150,-0.5,Y2,39.409034729003906,0,1
8,151,-0.5,Y1,49.153343200683594,1,0
8,151,-0.5,Y2,70.36328125,0,1
8,152,-0.5,Y1,28.003887176513672,1,0
8,152,-0.5,Y2,40.11807632446289,0,1
8,153,-0.5,Y1,56.17974090576172,1,0
8,153,-0.5,Y2,45.83335876464844,0,1
8,154,-0.5,Y1,51.54280471801758,1,0
8,154,-0.5,Y2,54.944679260253906,0,1
8,155,-0.5,Y1,28.525253295898438,1,0
8,155,-0.5,Y2,17.24746322631836,0,1
8,156,-0.5,Y1,57.86284637451172,1,0
8,156,-0.5,Y2,43.336936950683594,0,1
8,157,-0.5,Y1,41.57609558105469,1,0
8,157,-0.5,Y2,47.17859649658203,0,1
8,158,-0.5,Y1,49.422576904296875,1,0
8,158,-0.5,Y2,40.43561935424805,0,1
8,159,-0.5,Y1,47.25017166137695,1,0
8,159,-0.5,Y2,48.10670471191406,0,1
8,160,-0.5,Y1,50.490169525146484,1,0
8,160,-0.5,Y2,62.86634063720703,0,1
9,161,-0.5,Y1,73.48646545410156,1,0
9,161,-0.5,Y2,66.923736572265625,0,1
9,162,-0.5,Y1,44.6143684387207,1,0
9,162,-0.5,Y2,48.95405197143555,0,1
9,163,-0.5,Y1,50.15393829345703,1,0
9,163,-0.5,Y2,38.07734680175781,0,1
9,164,-0.5,Y1,52.433631896972656,1,0
9,164,-0.5,Y2,48.3263053894043,0,1
9,165,-0.5,Y1,61.62345886230469,1,0
9,165,-0.5,Y2,45.430233001708984,0,1
9,166,-0.5,Y1,54.362247467041016,1,0
9,166,-0.5,Y2,48.76493453979492,0,1
9,167,-0.5,Y1,60.344276428222656,1,0
9,167,-0.5,Y2,53.16691589355469,0,1
9,168,-0.5,Y1,56.10289001464844,1,0
9,168,-0.5,Y2,56.60548400878906,0,1
9,169,-0.5,Y1,44.86159133911133,1,0
9,169,-0.5,Y2,57.44768142700195,0,1
9,170,-0.5,Y1,56.23969650268555,1,0
9,170,-0.5,Y2,46.00343704223633,0,1
9,171,-0.5,Y1,33.29425811767578,1,0
9,171,-0.5,Y2,32.88718795776367,0,1
9,172,-0.5,Y1,51.886497497558594,1,0
9,172,-0.5,Y2,66.56719970703125,0,1
9,173,-0.5,Y1,39.21412658691406,1,0
9,173,-0.5,Y2,43.78522491455078,0,1
9,174,-0.5,Y1,41.28564453125,1,0
9,174,-0.5,Y2,43.29887390136719,0,1
9,175,-0.5,Y1,40.46242141723633,1,0
9,175,-0.5,Y2,45.80720138549805,0,1
9,176,-0.5,Y1,59.444637298583984,1,0
9,176,-0.5,Y2,44.48323440551758,0,1
9,177,-0.5,Y1,35.45934295654297,1,0
9,177,-0.5,Y2,40.954627990722656,0,1
9,178,-0.5,Y1,41.76871109008789,1,0
9,178,-0.5,Y2,38.30602264404297,0,1
9,179,-0.5,Y1,50.51394271850586,1,0
9,179,-0.5,Y2,43.53089904785156,0,1
9,180,-0.5,Y1,42.50135803222656,1,0
9,180,-0.5,Y2,34.94163513183594,0,1
10,181,-0.5,Y1,33.77349090576172,1,0
10,181,-0.5,Y2,22.30868148803711,0,1
10,182,-0.5,Y1,40.10961151123047,1,0
10,182,-0.5,Y2,28.50633430480957,0,1
10,183,-0.5,Y1,44.785545349121094,1,0
10,183,-0.5,Y2,33.26063537597656,0,1
10,184,-0.5,Y1,52.70569610595703,1,0
10,184,-0.5,Y2,39.032676696777344,0,1
10,185,-0.5,Y1,58.58908462524414,1,0
10,185,-0.5,Y2,67.70928192138672,0,1
10,186,-0.5,Y1,41.03543472290039,1,0
10,186,-0.5,Y2,54.043983459472656,0,1
10,187,-0.5,Y1,43.11631393432617,1,0
10,187,-0.5,Y2,44.736541748046875,0,1
10,188,-0.5,Y1,48.654335021972656,1,0
10,188,-0.5,Y2,58.18547439575195,0,1
10,189,-0.5,Y1,41.36708450317383,1,0
10,189,-0.5,Y2,23.508684158325195,0,1
10,190,-0.5,Y1,39.47825241088867,1,0
10,190,-0.5,Y2,56.25138854980469,0,1
10,191,-0.5,Y1,66.11034393310547,1,0
10,191,-0.5,Y2,49.875640869140625,0,1
10,192,-0.5,Y1,26.147308349609375,1,0
10,192,-0.5,Y2,35.497947692871094,0,1
10,193,-0.5,Y1,32.366477966308594,1,0
10,193,-0.5,Y2,42.690338134765625,0,1
10,194,-0.5,Y1,31.490337371826172,1,0
10,194,-0.5,Y2,32.39794921875,0,1
10,195,-0.5,Y1,52.639793395996094,1,0
10,195,-0.5,Y2,46.136531829833984,0,1
10,196,-0.5,Y1,37.98078536987305,1,0
10,196,-0.5,Y2,52.147457122802734,0,1
10,197,-0.5,Y1,49.90394592285156,1,0
10,197,-0.5,Y2,43.525577545166016,0,1
10,198,-0.5,Y1,60.8248176574707,1,0
10,198,-0.5,Y2,61.395103454589844,0,1
10,199,-0.5,Y1,55.02486801147461,1,0
10,199,-0.5,Y2,47.30821990966797,0,1
10,200,-0.5,Y1,51.12160110473633,1,0
10,200,-0.5,Y2,33.29131317138672,0,1
11,201,-0.5,Y1,42.41613006591797,1,0
11,201,-0.5,Y2,46.98936080932617,0,1
11,202,-0.5,Y1,38.25894546508789,1,0
11,202,-0.5,Y2,49.112823486328125,0,1
11,203,-0.5,Y1,35.57119369506836,1,0
11,203,-0.5,Y2,35.27701187133789,0,1
11,204,-0.5,Y1,63.21966552734375,1,0
11,204,-0.5,Y2,60.32295608520508,0,1
11,205,-0.5,Y1,51.53608703613281,1,0
11,205,-0.5,Y2,50.03943634033203,0,1
11,206,-0.5,Y1,46.2921257019043,1,0
11,206,-0.5,Y2,48.90248489379883,0,1
11,207,-0.5,Y1,40.20383834838867,1,0
11,207,-0.5,Y2,46.724002838134766,0,1
11,208,-0.5,Y1,54.89006805419922,1,0
11,208,-0.5,Y2,29.73423957824707,0,1
11,209,-0.5,Y1,49.51655578613281,1,0
11,209,-0.5,Y2,46.127803802490234,0,1
11,210,-0.5,Y1,43.436100006103516,1,0
11,210,-0.5,Y2,53.44413757324219,0,1
11,211,-0.5,Y1,38.30808639526367,1,0
11,211,-0.5,Y2,32.660552978515625,0,1
11,212,-0.5,Y1,65.90855407714844,1,0
11,212,-0.5,Y2,70.7848129272461,0,1
11,213,-0.5,Y1,55.149452209472656,1,0
11,213,-0.5,Y2,63.39422607421875,0,1
11,214,-0.5,Y1,25.80312728881836,1,0
11,214,-0.5,Y2,59.93922424316406,0,1
11,215,-0.5,Y1,42.34886932373047,1,0
11,215,-0.5,Y2,51.23526382446289,0,1
11,216,-0.5,Y1,45.67424774169922,1,0
11,216,-0.5,Y2,50.24953842163086,0,1
11,217,-0.5,Y1,43.34159851074219,1,0
11,217,-0.5,Y2,38.02545928955078,0,1
11,218,-0.5,Y1,38.730796813964844,1,0
11,218,-0.5,Y2,60.5726432800293,0,1
11,219,-0.5,Y1,73.16414642333984,1,0
11,219,-0.5,Y2,66.04725646972656,0,1
11,220,-0.5,Y1,47.721954345703125,1,0
11,220,-0.5,Y2,51.835121154785156,0,1
12,221,-0.5,Y1,68.6733627319336,1,0
12,221,-0.5,Y2,48.461002349853516,0,1
12,222,-0.5,Y1,44.386905670166016,1,0
12,222,-0.5,Y2,47.39084243774414,0,1
12,223,-0.5,Y1,37.774200439453125,1,0
12,223,-0.5,Y2,52.810340881347656,0,1
12,224,-0.5,Y1,49.867645263671875,1,0
12,224,-0.5,Y2,56.061431884765625,0,1
12,225,-0.5,Y1,38.40674591064453,1,0
12,225,-0.5,Y2,35.8750114440918,0,1
12,226,-0.5,Y1,45.02976608276367,1,0
12,226,-0.5,Y2,53.12708282470703,0,1
12,227,-0.5,Y1,51.32180404663086,1,0
12,227,-0.5,Y2,64.44010925292969,0,1
12,228,-0.5,Y1,46.10614013671875,1,0
12,228,-0.5,Y2,48.529781341552734,0,1
12,229,-0.5,Y1,47.20719909667969,1,0
12,229,-0.5,Y2,45.00746154785156,0,1
12,230,-0.5,Y1,57.347015380859375,1,0
12,230,-0.5,Y2,53.818138122558594,0,1
12,231,-0.5,Y1,56.165462493896484,1,0
12,231,-0.5,Y2,44.606483459472656,0,1
12,232,-0.5,Y1,35.60783386230469,1,0
12,232,-0.5,Y2,38.07219314575195,0,1
12,233,-0.5,Y1,39.66310501098633,1,0
12,233,-0.5,Y2,38.354549407958984,0,1
12,234,-0.5,Y1,60.418304443359375,1,0
12,234,-0.5,Y2,46.77814865112305,0,1
12,235,-0.5,Y1,44.914276123046875,1,0
12,235,-0.5,Y2,42.58935546875,0,1
12,236,-0.5,Y1,44.01198959350586,1,0
12,236,-0.5,Y2,47.05681228637695,0,1
12,237,-0.5,Y1,45.03628158569336,1,0
12,237,-0.5,Y2,61.326332092285156,0,1
12,238,-0.5,Y1,55.951839447021484,1,0
12,238,-0.5,Y2,55.82174301147461,0,1
12,239,-0.5,Y1,41.583595275878906,1,0
12,239,-0.5,Y2,53.82898712158203,0,1
12,240,-0.5,Y1,44.02338409423828,1,0
12,240,-0.5,Y2,52.5126838684082,0,1
13,241,-0.5,Y1,43.39519500732422,1,0
13,241,-0.5,Y2,47.932735443115234,0,1
13,242,-0.5,Y1,49.36354064941406,1,0
13,242,-0.5,Y2,50.41717529296875,0,1
13,243,-0.5,Y1,62.200096130371094,1,0
13,243,-0.5,Y2,55.77561950683594,0,1
13,244,-0.5,Y1,43.93089294433594,1,0
13,244,-0.5,Y2,38.73820877075195,0,1
13,245,-0.5,Y1,31.163684844970703,1,0
13,245,-0.5,Y2,48.71450424194336,0,1
13,246,-0.5,Y1,44.12889862060547,1,0
13,246,-0.5,Y2,53.95909881591797,0,1
13,247,-0.5,Y1,37.487281799316406,1,0
13,247,-0.5,Y2,40.18772888183594,0,1
13,248,-0.5,Y1,60.19995880126953,1,0
13,248,-0.5,Y2,68.04438781738281,0,1
13,249,-0.5,Y1,30.91548728942871,1,0
13,249,-0.5,Y2,41.26492691040039,0,1
13,250,-0.5,Y1,50.73787307739258,1,0
13,250,-0.5,Y2,72.26556396484375,0,1
13,251,-0.5,Y1,49.43341064453125,1,0
13,251,-0.5,Y2,39.740386962890625,0,1
13,252,-0.5,Y1,47.786624908447266,1,0
13,252,-0.5,Y2,55.11836624145508,0,1
13,253,-0.5,Y1,24.442554473876953,1,0
13,253,-0.5,Y2,39.0582160949707,0,1
13,254,-0.5,Y1,59.31517791748047,1,0
13,254,-0.5,Y2,65.99070739746094,0,1
13,255,-0.5,Y1,31.053125381469727,1,0
13,255,-0.5,Y2,34.67247772216797,0,1
13,256,-0.5,Y1,31.655895233154297,1,0
13,256,-0.5,Y2,35.36700439453125,0,1
13,257,-0.5,Y1,20.56598663330078,1,0
13,257,-0.5,Y2,32.75657653808594,0,1
13,258,-0.5,Y1,40.724212646484375,1,0
13,258,-0.5,Y2,48.36457443237305,0,1
13,259,-0.5,Y1,46.70250701904297,1,0
13,259,-0.5,Y2,55.94508743286133,0,1
13,260,-0.5,Y1,26.31105613708496,1,0
13,260,-0.5,Y2,33.87994384765625,0,1
14,261,-0.5,Y1,55.12978744506836,1,0
14,261,-0.5,Y2,56.400577545166016,0,1
14,262,-0.5,Y1,56.597816467285156,1,0
14,262,-0.5,Y2,51.36214828491211,0,1
14,263,-0.5,Y1,41.22233200073242,1,0
14,263,-0.5,Y2,51.470611572265625,0,1
14,264,-0.5,Y1,62.01288986206055,1,0
14,264,-0.5,Y2,47.38957977294922,0,1
14,265,-0.5,Y1,50.0870246887207,1,0
14,265,-0.5,Y2,46.729705810546875,0,1
14,266,-0.5,Y1,40.05829620361328,1,0
14,266,-0.5,Y2,25.463808059692383,0,1
14,267,-0.5,Y1,41.88630676269531,1,0
14,267,-0.5,Y2,50.919761657714844,0,1
14,268,-0.5,Y1,69.5908432006836,1,0
14,268,-0.5,Y2,35.303611755371094,0,1
14,269,-0.5,Y1,55.29058074951172,1,0
14,269,-0.5,Y2,37.90008544921875,0,1
14,270,-0.5,Y1,38.22938919067383,1,0
14,270,-0.5,Y2,54.75330352783203,0,1
14,271,-0.5,Y1,40.20585250854492,1,0
14,271,-0.5,Y2,53.20817565917969,0,1
14,272,-0.5,Y1,48.49722671508789,1,0
14,272,-0.5,Y2,41.85527801513672,0,1
14,273,-0.5,Y1,45.37730407714844,1,0
14,273,-0.5,Y2,52.196250915527344,0,1
14,274,-0.5,Y1,57.90229415893555,1,0
14,274,-0.5,Y2,75.19825744628906,0,1
14,275,-0.5,Y1,57.07276153564453,1,0
14,275,-0.5,Y2,54.0662727355957,0,1
14,276,-0.5,Y1,48.84673309326172,1,0
14,276,-0.5,Y2,66.9329833984375,0,1
14,277,-0.5,Y1,57.183250427246094,1,0
14,277,-0.5,Y2,58.15883255004883,0,1
14,278,-0.5,Y1,31.3430118560791,1,0
14,278,-0.5,Y2,25.2957820892334,0,1
14,279,-0.5,Y1,45.78117370605469,1,0
14,279,-0.5,Y2,50.474971771240234,0,1
14,280,-0.5,Y1,36.97821044921875,1,0
14,280,-0.5,Y2,32.78160095214844,0,1
15,281,-0.5,Y1,51.56103515625,1,0
15,281,-0.5,Y2,51.04205322265625,0,1
15,282,-0.5,Y1,39.46664810180664,1,0
15,282,-0.5,Y2,48.677467346191406,0,1
15,283,-0.5,Y1,50.64618682861328,1,0
15,283,-0.5,Y2,46.490177154541016,0,1
15,284,-0.5,Y1,50.1224365234375,1,0
15,284,-0.5,Y2,49.514183044433594,0,1
15,285,-0.5,Y1,50.511043548583984,1,0
15,285,-0.5,Y2,52.72600555419922,0,1
15,286,-0.5,Y1,42.693817138671875,1,0
15,286,-0.5,Y2,44.86842727661133,0,1
15,287,-0.5,Y1,45.02642059326172,1,0
15,287,-0.5,Y2,29.68858528137207,0,1
15,288,-0.5,Y1,39.542381286621094,1,0
15,288,-0.5,Y2,43.77626037597656,0,1
15,289,-0.5,Y1,61.07678985595703,1,0
15,289,-0.5,Y2,46.9996337890625,0,1
15,290,-0.5,Y1,39.58374786376953,1,0
15,290,-0.5,Y2,49.87931442260742,0,1
15,291,-0.5,Y1,44.19424819946289,1,0
15,291,-0.5,Y2,50.82145690917969,0,1
15,292,-0.5,Y1,62.313804626464844,1,0
15,292,-0.5,Y2,40.18071365356445,0,1
15,293,-0.5,Y1,37.681358337402344,1,0
15,293,-0.5,Y2,50.03785705566406,0,1
15,294,-0.5,Y1,40.393035888671875,1,0
15,294,-0.5,Y2,41.80723571777344,0,1
15,295,-0.5,Y1,38.10942077636719,1,0
15,295,-0.5,Y2,41.37542724609375,0,1
15,296,-0.5,Y1,49.974525451660156,1,0
15,296,-0.5,Y2,46.05076599121094,0,1
15,297,-0.5,Y1,42.38892364501953,1,0
15,297,-0.5,Y2,52.04899215698242,0,1
15,298,-0.5,Y1,51.58622741699219,1,0
15,298,-0.5,Y2,42.057701110839844,0,1
15,299,-0.5,Y1,47.94910430908203,1,0
15,299,-0.5,Y2,59.785621643066406,0,1
15,300,-0.5,Y1,41.56330490112305,1,0
15,300,-0.5,Y2,41.955020904541016,0,1
16,301,-0.5,Y1,43.49688720703125,1,0
16,301,-0.5,Y2,57.64611053466797,0,1
16,302,-0.5,Y1,44.10184860229492,1,0
16,302,-0.5,Y2,48.936710357666016,0,1
16,303,-0.5,Y1,45.578697204589844,1,0
16,303,-0.5,Y2,50.062721252441406,0,1
16,304,-0.5,Y1,43.93208312988281,1,0
16,304,-0.5,Y2,35.686214447021484,0,1
16,305,-0.5,Y1,35.223854064941406,1,0
16,305,-0.5,Y2,50.347476959228516,0,1
16,306,-0.5,Y1,51.72628402709961,1,0
16,306,-0.5,Y2,54.050636291503906,0,1
16,307,-0.5,Y1,68.544281005859375,1,0
16,307,-0.5,Y2,55.301910400390625,0,1
16,308,-0.5,Y1,50.89899826049805,1,0
16,308,-0.5,Y2,58.201778411865234,0,1
16,309,-0.5,Y1,48.10066604614258,1,0
16,309,-0.5,Y2,45.59550857543945,0,1
16,310,-0.5,Y1,58.36014175415039,1,0
16,310,-0.5,Y2,56.042335510253906,0,1
16,311,-0.5,Y1,47.17709732055664,1,0
16,311,-0.5,Y2,48.427188873291016,0,1
16,312,-0.5,Y1,42.49647903442383,1,0
16,312,-0.5,Y2,60.17642593383789,0,1
16,313,-0.5,Y1,49.187721252441406,1,0
16,313,-0.5,Y2,57.954219818115234,0,1
16,314,-0.5,Y1,38.67314147949219,1,0
16,314,-0.5,Y2,47.2468147277832,0,1
16,315,-0.5,Y1,38.81611633300781,1,0
16,315,-0.5,Y2,44.870304107666016,0,1
16,316,-0.5,Y1,50.20463943481445,1,0
16,316,-0.5,Y2,55.4646110534668,0,1
16,317,-0.5,Y1,50.68836975097656,1,0
16,317,-0.5,Y2,48.3100700378418,0,1
16,318,-0.5,Y1,36.91700744628906,1,0
16,318,-0.5,Y2,41.909996032714844,0,1
16,319,-0.5,Y1,47.144256591796875,1,0
16,319,-0.5,Y2,55.7932243347168,0,1
16,320,-0.5,Y1,50.56981658935547,1,0
16,320,-0.5,Y2,50.988197326660156,0,1
17,321,-0.5,Y1,53.56166458129883,1,0
17,321,-0.5,Y2,49.147735595703125,0,1
17,322,-0.5,Y1,43.14975357055664,1,0
17,322,-0.5,Y2,63.740013122558594,0,1
17,323,-0.5,Y1,55.58707046508789,1,0
17,323,-0.5,Y2,39.925594329833984,0,1
17,324,-0.5,Y1,37.0411491394043,1,0
17,324,-0.5,Y2,31.389404296875,0,1
17,325,-0.5,Y1,43.552486419677734,1,0
17,325,-0.5,Y2,42.32752227783203,0,1
17,326,-0.5,Y1,56.4588737487793,1,0
17,326,-0.5,Y2,34.26203155517578,0,1
17,327,-0.5,Y1,44.37721252441406,1,0
17,327,-0.5,Y2,47.34162902832031,0,1
17,328,-0.5,Y1,46.84880447387695,1,0
17,328,-0.5,Y2,42.41313934326172,0,1
17,329,-0.5,Y1,43.63515853881836,1,0
17,329,-0.5,Y2,49.067726135253906,0,1
17,330,-0.5,Y1,36.239471435546875,1,0
17,330,-0.5,Y2,32.65180206298828,0,1
17,331,-0.5,Y1,49.412689208984375,1,0
17,331,-0.5,Y2,38.57112503051758,0,1
17,332,-0.5,Y1,37.291107177734375,1,0
17,332,-0.5,Y2,38.11317825317383,0,1
17,333,-0.5,Y1,31.628170013427734,1,0
17,333,-0.5,Y2,38.32170867919922,0,1
17,334,-0.5,Y1,31.2504825592041,1,0
17,334,-0.5,Y2,34.09260940551758,0,1
17,335,-0.5,Y1,40.89417266845703,1,0
17,335,-0.5,Y2,45.19439697265625,0,1
17,336,-0.5,Y1,46.30265808105469,1,0
17,336,-0.5,Y2,18.01422882080078,0,1
17,337,-0.5,Y1,44.696014404296875,1,0
17,337,-0.5,Y2,35.080047607421875,0,1
17,338,-0.5,Y1,37.98653793334961,1,0
17,338,-0.5,Y2,31.289081573486328,0,1
17,339,-0.5,Y1,51.92074966430664,1,0
17,339,-0.5,Y2,64.30467987060547,0,1
17,340,-0.5,Y1,47.51390838623047,1,0
17,340,-0.5,Y2,29.930580139160156,0,1
18,341,-0.5,Y1,60.32954406738281,1,0
18,341,-0.5,Y2,37.35966491699219,0,1
18,342,-0.5,Y1,44.728668212890625,1,0
18,342,-0.5,Y2,44.72669982910156,0,1
18,343,-0.5,Y1,53.5479736328125,1,0
18,343,-0.5,Y2,50.48699188232422,0,1
18,344,-0.5,Y1,50.13654708862305,1,0
18,344,-0.5,Y2,40.199180603027344,0,1
18,345,-0.5,Y1,49.88481140136719,1,0
18,345,-0.5,Y2,46.755706787109375,0,1
18,346,-0.5,Y1,28.511962890625,1,0
18,346,-0.5,Y2,34.64117431640625,0,1
18,347,-0.5,Y1,40.19847869873047,1,0
18,347,-0.5,Y2,47.414363861083984,0,1
18,348,-0.5,Y1,44.18341827392578,1,0
18,348,-0.5,Y2,39.843666076660156,0,1
18,349,-0.5,Y1,40.32136154174805,1,0
18,349,-0.5,Y2,39.963829040527344,0,1
18,350,-0.5,Y1,61.792015075683594,1,0
18,350,-0.5,Y2,49.04776382446289,0,1
18,351,-0.5,Y1,50.83271408081055,1,0
18,351,-0.5,Y2,38.708251953125,0,1
18,352,-0.5,Y1,53.022422790527344,1,0
18,352,-0.5,Y2,47.00424575805664,0,1
18,353,-0.5,Y1,31.044591903686523,1,0
18,353,-0.5,Y2,34.741851806640625,0,1
18,354,-0.5,Y1,51.67386245727539,1,0
18,354,-0.5,Y2,33.98396301269531,0,1
18,355,-0.5,Y1,47.62344741821289,1,0
18,355,-0.5,Y2,48.25495529174805,0,1
18,356,-0.5,Y1,73.56938934326172,1,0
18,356,-0.5,Y2,86.259185791015625,0,1
18,357,-0.5,Y1,57.922035217285156,1,0
18,357,-0.5,Y2,54.972557067871094,0,1
18,358,-0.5,Y1,56.15192794799805,1,0
18,358,-0.5,Y2,50.870948791503906,0,1
18,359,-0.5,Y1,43.03438186645508,1,0
18,359,-0.5,Y2,50.70581817626953,0,1
18,360,-0.5,Y1,56.67694091796875,1,0
18,360,-0.5,Y2,51.226707458496094,0,1
19,361,-0.5,Y1,48.72239303588867,1,0
19,361,-0.5,Y2,40.66654586791992,0,1
19,362,-0.5,Y1,40.202392578125,1,0
19,362,-0.5,Y2,48.69343566894531,0,1
19,363,-0.5,Y1,29.98570442199707,1,0
19,363,-0.5,Y2,41.09495162963867,0,1
19,364,-0.5,Y1,49.56128692626953,1,0
19,364,-0.5,Y2,42.287757873535156,0,1
19,365,-0.5,Y1,45.41364288330078,1,0
19,365,-0.5,Y2,33.330726623535156,0,1
19,366,-0.5,Y1,35.34458923339844,1,0
19,366,-0.5,Y2,49.36251449584961,0,1
19,367,-0.5,Y1,38.374847412109375,1,0
19,367,-0.5,Y2,47.44789123535156,0,1
19,368,-0.5,Y1,46.41215133666992,1,0
19,368,-0.5,Y2,45.944549560546875,0,1
19,369,-0.5,Y1,44.493980407714844,1,0
19,369,-0.5,Y2,51.644500732421875,0,1
19,370,-0.5,Y1,47.97202682495117,1,0
19,370,-0.5,Y2,49.37847900390625,0,1
19,371,-0.5,Y1,32.30278015136719,1,0
19,371,-0.5,Y2,36.792816162109375,0,1
19,372,-0.5,Y1,30.117328643798828,1,0
19,372,-0.5,Y2,39.524959564208984,0,1
19,373,-0.5,Y1,52.40028762817383,1,0
19,373,-0.5,Y2,35.30622100830078,0,1
19,374,-0.5,Y1,61.183433532714844,1,0
19,374,-0.5,Y2,46.68162536621094,0,1
19,375,-0.5,Y1,45.6082763671875,1,0
19,375,-0.5,Y2,39.24537658691406,0,1
19,376,-0.5,Y1,45.769710540771484,1,0
19,376,-0.5,Y2,46.0541877746582,0,1
19,377,-0.5,Y1,61.22166061401367,1,0
19,377,-0.5,Y2,53.944664001464844,0,1
19,378,-0.5,Y1,39.667091369628906,1,0
19,378,-0.5,Y2,49.21957015991211,0,1
19,379,-0.5,Y1,59.926509857177734,1,0
19,379,-0.5,Y2,44.183258056640625,0,1
19,380,-0.5,Y1,37.496788024902344,1,0
19,380,-0.5,Y2,32.19168472290039,0,1
20,381,-0.5,Y1,34.98396682739258,1,0
20,381,-0.5,Y2,33.64182662963867,0,1
20,382,-0.5,Y1,29.375476837158203,1,0
20,382,-0.5,Y2,43.67805099487305,0,1
20,383,-0.5,Y1,32.61040115356445,1,0
20,383,-0.5,Y2,43.75387954711914,0,1
20,384,-0.5,Y1,52.36553955078125,1,0
20,384,-0.5,Y2,59.37815856933594,0,1
20,385,-0.5,Y1,32.866634368896484,1,0
20,385,-0.5,Y2,44.476287841796875,0,1
20,386,-0.5,Y1,27.638591766357422,1,0
20,386,-0.5,Y2,52.29536437988281,0,1
20,387,-0.5,Y1,24.686054229736328,1,0
20,387,-0.5,Y2,37.045257568359375,0,1
20,388,-0.5,Y1,41.039215087890625,1,0
20,388,-0.5,Y2,64.08111572265625,0,1
20,389,-0.5,Y1,53.7425537109375,1,0
20,389,-0.5,Y2,51.32852554321289,0,1
20,390,-0.5,Y1,29.62993812561035,1,0
20,390,-0.5,Y2,36.49525451660156,0,1
20,391,-0.5,Y1,40.56415557861328,1,0
20,391,-0.5,Y2,51.51139831542969,0,1
20,392,-0.5,Y1,44.562965393066406,1,0
20,392,-0.5,Y2,50.20381164550781,0,1
20,393,-0.5,Y1,59.969120025634766,1,0
20,393,-0.5,Y2,57.83952713012695,0,1
20,394,-0.5,Y1,33.03266143798828,1,0
20,394,-0.5,Y2,30.919193267822266,0,1
20,395,-0.5,Y1,48.13277053833008,1,0
20,395,-0.5,Y2,60.818687438964844,0,1
20,396,-0.5,Y1,49.61146926879883,1,0
20,396,-0.5,Y2,36.50129699707031,0,1
20,397,-0.5,Y1,38.291465759277344,1,0
20,397,-0.5,Y2,54.55180740356445,0,1
20,398,-0.5,Y1,49.352535247802734,1,0
20,398,-0.5,Y2,53.38372802734375,0,1
20,399,-0.5,Y1,52.40683364868164,1,0
20,399,-0.5,Y2,58.181396484375,0,1
20,400,-0.5,Y1,59.131370544433594,1,0
20,400,-0.5,Y2,60.012508392333984,0,1
21,401,0.5,Y1,44.55617141723633,1,0
21,401,0.5,Y2,57.78232955932617,0,1
21,402,0.5,Y1,49.15387725830078,1,0
21,402,0.5,Y2,49.68039321899414,0,1
21,403,0.5,Y1,45.04970169067383,1,0
21,403,0.5,Y2,59.01503372192383,0,1
21,404,0.5,Y1,42.128662109375,1,0
21,404,0.5,Y2,30.16301727294922,0,1
21,405,0.5,Y1,59.55162048339844,1,0
21,405,0.5,Y2,50.680423736572266,0,1
21,406,0.5,Y1,62.84832000732422,1,0
21,406,0.5,Y2,33.7325439453125,0,1
21,407,0.5,Y1,49.92352294921875,1,0
21,407,0.5,Y2,40.45375061035156,0,1
21,408,0.5,Y1,56.48813247680664,1,0
21,408,0.5,Y2,53.69324493408203,0,1
21,409,0.5,Y1,33.55942916870117,1,0
21,409,0.5,Y2,42.55719757080078,0,1
21,410,0.5,Y1,58.05915069580078,1,0
21,410,0.5,Y2,54.655879974365234,0,1
21,411,0.5,Y1,52.415462493896484,1,0
21,411,0.5,Y2,36.68406677246094,0,1
21,412,0.5,Y1,55.23225784301758,1,0
21,412,0.5,Y2,44.00584411621094,0,1
21,413,0.5,Y1,37.342857360839844,1,0
21,413,0.5,Y2,40.23007583618164,0,1
21,414,0.5,Y1,65.762725830078125,1,0
21,414,0.5,Y2,51.307376861572266,0,1
21,415,0.5,Y1,68.86934661865234,1,0
21,415,0.5,Y2,47.06726837158203,0,1
21,416,0.5,Y1,40.43362808227539,1,0
21,416,0.5,Y2,47.998756408691406,0,1
21,417,0.5,Y1,48.73161315917969,1,0
21,417,0.5,Y2,52.72574234008789,0,1
21,418,0.5,Y1,60.05104064941406,1,0
21,418,0.5,Y2,59.314537048339844,0,1
21,419,0.5,Y1,47.43706512451172,1,0
21,419,0.5,Y2,32.64659881591797,0,1
21,420,0.5,Y1,50.01742172241211,1,0
21,420,0.5,Y2,52.190956115722656,0,1
22,421,0.5,Y1,60.24746322631836,1,0
22,421,0.5,Y2,39.991886138916016,0,1
22,422,0.5,Y1,82.20478820800781,1,0
22,422,0.5,Y2,66.734283447265625,0,1
22,423,0.5,Y1,57.34690856933594,1,0
22,423,0.5,Y2,50.351539611816406,0,1
22,424,0.5,Y1,48.900146484375,1,0
22,424,0.5,Y2,55.89402770996094,0,1
22,425,0.5,Y1,51.09468078613281,1,0
22,425,0.5,Y2,57.73749923706055,0,1
22,426,0.5,Y1,60.76631164550781,1,0
22,426,0.5,Y2,62.54796600341797,0,1
22,427,0.5,Y1,45.78617477416992,1,0
22,427,0.5,Y2,42.94980239868164,0,1
22,428,0.5,Y1,64.90792083740234,1,0
22,428,0.5,Y2,64.95549774169922,0,1
22,429,0.5,Y1,76.9849853515625,1,0
22,429,0.5,Y2,53.26985168457031,0,1
22,430,0.5,Y1,60.36935806274414,1,0
22,430,0.5,Y2,66.36573791503906,0,1
22,431,0.5,Y1,51.56388854980469,1,0
22,431,0.5,Y2,66.7075424194336,0,1
22,432,0.5,Y1,57.033836364746094,1,0
22,432,0.5,Y2,51.03025817871094,0,1
22,433,0.5,Y1,62.13883972167969,1,0
22,433,0.5,Y2,38.49109649658203,0,1
22,434,0.5,Y1,69.61814880371094,1,0
22,434,0.5,Y2,51.470008850097656,0,1
22,435,0.5,Y1,64.60194396972656,1,0
22,435,0.5,Y2,36.1185188293457,0,1
22,436,0.5,Y1,51.12036895751953,1,0
22,436,0.5,Y2,76.08423614501953,0,1
22,437,0.5,Y1,50.96422576904297,1,0
22,437,0.5,Y2,33.26274871826172,0,1
22,438,0.5,Y1,52.5727424621582,1,0
22,438,0.5,Y2,51.62518310546875,0,1
22,439,0.5,Y1,52.61386489868164,1,0
22,439,0.5,Y2,41.78315734863281,0,1
22,440,0.5,Y1,39.85286331176758,1,0
22,440,0.5,Y2,65.506103515625,0,1
23,441,0.5,Y1,47.75837707519531,1,0
23,441,0.5,Y2,53.78360366821289,0,1
23,442,0.5,Y1,50.43096923828125,1,0
23,442,0.5,Y2,57.56034469604492,0,1
23,443,0.5,Y1,49.63408660888672,1,0
23,443,0.5,Y2,45.705909729003906,0,1
23,444,0.5,Y1,51.808799743652344,1,0
23,444,0.5,Y2,68.60882568359375,0,1
23,445,0.5,Y1,47.421295166015625,1,0
23,445,0.5,Y2,57.78888702392578,0,1
23,446,0.5,Y1,41.45658874511719,1,0
23,446,0.5,Y2,68.749359130859375,0,1
23,447,0.5,Y1,45.19784927368164,1,0
23,447,0.5,Y2,44.64315414428711,0,1
23,448,0.5,Y1,69.70597839355469,1,0
23,448,0.5,Y2,54.94895935058594,0,1
23,449,0.5,Y1,42.747459411621094,1,0
23,449,0.5,Y2,60.47135925292969,0,1
23,450,0.5,Y1,50.06356430053711,1,0
23,450,0.5,Y2,50.132171630859375,0,1
23,451,0.5,Y1,43.0504150390625,1,0
23,451,0.5,Y2,51.84144592285156,0,1
23,452,0.5,Y1,70.91142272949219,1,0
23,452,0.5,Y2,67.20745849609375,0,1
23,453,0.5,Y1,39.249122619628906,1,0
23,453,0.5,Y2,55.11341857910156,0,1
23,454,0.5,Y1,63.234107971191406,1,0
23,454,0.5,Y2,65.24363708496094,0,1
23,455,0.5,Y1,47.65604019165039,1,0
23,455,0.5,Y2,51.258968353271484,0,1
23,456,0.5,Y1,35.84637451171875,1,0
23,456,0.5,Y2,54.59072494506836,0,1
23,457,0.5,Y1,41.3656005859375,1,0
23,457,0.5,Y2,30.961389541625977,0,1
23,458,0.5,Y1,60.12980651855469,1,0
23,458,0.5,Y2,63.40544128417969,0,1
23,459,0.5,Y1,42.734458923339844,1,0
23,459,0.5,Y2,45.94179916381836,0,1
23,460,0.5,Y1,46.084259033203125,1,0
23,460,0.5,Y2,60.16149139404297,0,1
24,461,0.5,Y1,35.90031051635742,1,0
24,461,0.5,Y2,49.01570129394531,0,1
24,462,0.5,Y1,45.11357116699219,1,0
24,462,0.5,Y2,40.80820083618164,0,1
24,463,0.5,Y1,44.546207427978516,1,0
24,463,0.5,Y2,28.32190704345703,0,1
24,464,0.5,Y1,60.364898681640625,1,0
24,464,0.5,Y2,50.67693328857422,0,1
24,465,0.5,Y1,46.78986740112305,1,0
24,465,0.5,Y2,50.67866897583008,0,1
24,466,0.5,Y1,71.82640075683594,1,0
24,466,0.5,Y2,61.099117279052734,0,1
24,467,0.5,Y1,49.52250289916992,1,0
24,467,0.5,Y2,39.50372314453125,0,1
24,468,0.5,Y1,73.1776351928711,1,0
24,468,0.5,Y2,60.13444900512695,0,1
24,469,0.5,Y1,31.72624397277832,1,0
24,469,0.5,Y2,47.18301773071289,0,1
24,470,0.5,Y1,54.057518005371094,1,0
24,470,0.5,Y2,53.201358795166016,0,1
24,471,0.5,Y1,62.6895866394043,1,0
24,471,0.5,Y2,49.8661003112793,0,1
24,472,0.5,Y1,47.734893798828125,1,0
24,472,0.5,Y2,43.70928192138672,0,1
24,473,0.5,Y1,41.8077392578125,1,0
24,473,0.5,Y2,48.15489196777344,0,1
24,474,0.5,Y1,50.99943542480469,1,0
24,474,0.5,Y2,43.467437744140625,0,1
24,475,0.5,Y1,47.48719024658203,1,0
24,475,0.5,Y2,58.84497833251953,0,1
24,476,0.5,Y1,49.98178482055664,1,0
24,476,0.5,Y2,59.52143096923828,0,1
24,477,0.5,Y1,43.28694152832031,1,0
24,477,0.5,Y2,38.085227966308594,0,1
24,478,0.5,Y1,55.7929573059082,1,0
24,478,0.5,Y2,55.913658142089844,0,1
24,479,0.5,Y1,35.810508728027344,1,0
24,479,0.5,Y2,41.12672424316406,0,1
24,480,0.5,Y1,64.98725128173828,1,0
24,480,0.5,Y2,52.46839141845703,0,1
25,481,0.5,Y1,45.475318908691406,1,0
25,481,0.5,Y2,72.03797912597656,0,1
25,482,0.5,Y1,49.403377532958984,1,0
25,482,0.5,Y2,60.47591781616211,0,1
25,483,0.5,Y1,33.826416015625,1,0
25,483,0.5,Y2,50.20039749145508,0,1
25,484,0.5,Y1,56.6251335144043,1,0
25,484,0.5,Y2,46.8064079284668,0,1
25,485,0.5,Y1,37.046051025390625,1,0
25,485,0.5,Y2,53.37318420410156,0,1
25,486,0.5,Y1,55.390750885009766,1,0
25,486,0.5,Y2,67.846343994140625,0,1
25,487,0.5,Y1,45.214012145996094,1,0
25,487,0.5,Y2,49.276702880859375,0,1
25,488,0.5,Y1,34.71683883666992,1,0
25,488,0.5,Y2,52.3304328918457,0,1
25,489,0.5,Y1,41.176971435546875,1,0
25,489,0.5,Y2,55.313316345214844,0,1
25,490,0.5,Y1,53.10297775268555,1,0
25,490,0.5,Y2,59.42604064941406,0,1
25,491,0.5,Y1,55.29584503173828,1,0
25,491,0.5,Y2,67.80772399902344,0,1
25,492,0.5,Y1,46.00763702392578,1,0
25,492,0.5,Y2,60.43307113647461,0,1
25,493,0.5,Y1,35.03398513793945,1,0
25,493,0.5,Y2,53.39492416381836,0,1
25,494,0.5,Y1,54.17439270019531,1,0
25,494,0.5,Y2,41.75312805175781,0,1
25,495,0.5,Y1,62.55640411376953,1,0
25,495,0.5,Y2,65.9188003540039,0,1
25,496,0.5,Y1,59.47395706176758,1,0
25,496,0.5,Y2,59.89743423461914,0,1
25,497,0.5,Y1,65.59221649169922,1,0
25,497,0.5,Y2,77.79657745361328,0,1
25,498,0.5,Y1,60.018768310546875,1,0
25,498,0.5,Y2,66.62361907958984,0,1
25,499,0.5,Y1,48.49567413330078,1,0
25,499,0.5,Y2,38.37301254272461,0,1
25,500,0.5,Y1,60.39628219604492,1,0
25,500,0.5,Y2,58.9575309753418,0,1
26,501,0.5,Y1,55.15269088745117,1,0
26,501,0.5,Y2,61.868324279785156,0,1
26,502,0.5,Y1,71.74714660644531,1,0
26,502,0.5,Y2,62.82024002075195,0,1
26,503,0.5,Y1,57.72187042236328,1,0
26,503,0.5,Y2,61.79780960083008,0,1
26,504,0.5,Y1,44.32604217529297,1,0
26,504,0.5,Y2,36.63772964477539,0,1
26,505,0.5,Y1,49.6937370300293,1,0
26,505,0.5,Y2,45.821170806884766,0,1
26,506,0.5,Y1,62.875762939453125,1,0
26,506,0.5,Y2,47.96174621582031,0,1
26,507,0.5,Y1,54.08905792236328,1,0
26,507,0.5,Y2,50.7784538269043,0,1
26,508,0.5,Y1,42.780006408691406,1,0
26,508,0.5,Y2,48.2945442199707,0,1
26,509,0.5,Y1,56.18360137939453,1,0
26,509,0.5,Y2,59.63762664794922,0,1
26,510,0.5,Y1,66.403106689453125,1,0
26,510,0.5,Y2,68.885345458984375,0,1
26,511,0.5,Y1,70.736785888671875,1,0
26,511,0.5,Y2,70.78057861328125,0,1
26,512,0.5,Y1,48.50164794921875,1,0
26,512,0.5,Y2,40.770538330078125,0,1
26,513,0.5,Y1,55.45271301269531,1,0
26,513,0.5,Y2,57.77544403076172,0,1
26,514,0.5,Y1,61.04499053955078,1,0
26,514,0.5,Y2,57.16221237182617,0,1
26,515,0.5,Y1,59.97898483276367,1,0
26,515,0.5,Y2,60.2796516418457,0,1
26,516,0.5,Y1,62.658042907714844,1,0
26,516,0.5,Y2,64.01001739501953,0,1
26,517,0.5,Y1,65.9179458618164,1,0
26,517,0.5,Y2,64.38370513916016,0,1
26,518,0.5,Y1,59.66975784301758,1,0
26,518,0.5,Y2,60.88915252685547,0,1
26,519,0.5,Y1,48.17524337768555,1,0
26,519,0.5,Y2,47.50529098510742,0,1
26,520,0.5,Y1,63.22743606567383,1,0
26,520,0.5,Y2,57.8198127746582,0,1
27,521,0.5,Y1,25.033649444580078,1,0
27,521,0.5,Y2,48.10197067260742,0,1
27,522,0.5,Y1,72.1871337890625,1,0
27,522,0.5,Y2,44.98521423339844,0,1
27,523,0.5,Y1,54.93168258666992,1,0
27,523,0.5,Y2,53.034095764160156,0,1
27,524,0.5,Y1,48.02635955810547,1,0
27,524,0.5,Y2,64.015228271484375,0,1
27,525,0.5,Y1,46.658992767333984,1,0
27,525,0.5,Y2,52.43153762817383,0,1
27,526,0.5,Y1,57.184146881103516,1,0
27,526,0.5,Y2,36.077579498291016,0,1
27,527,0.5,Y1,48.98447036743164,1,0
27,527,0.5,Y2,31.711753845214844,0,1
27,528,0.5,Y1,45.082366943359375,1,0
27,528,0.5,Y2,45.73138427734375,0,1
27,529,0.5,Y1,60.888511657714844,1,0
27,529,0.5,Y2,46.00955581665039,0,1
27,530,0.5,Y1,80.32344818115234,1,0
27,530,0.5,Y2,60.77161407470703,0,1
27,531,0.5,Y1,46.64289855957031,1,0
27,531,0.5,Y2,63.83086395263672,0,1
27,532,0.5,Y1,60.06338119506836,1,0
27,532,0.5,Y2,61.79048156738281,0,1
27,533,0.5,Y1,36.54193878173828,1,0
27,533,0.5,Y2,27.567974090576172,0,1
27,534,0.5,Y1,58.483856201171875,1,0
27,534,0.5,Y2,49.76795196533203,0,1
27,535,0.5,Y1,51.82440185546875,1,0
27,535,0.5,Y2,54.195579528808594,0,1
27,536,0.5,Y1,71.24896240234375,1,0
27,536,0.5,Y2,53.76195526123047,0,1
27,537,0.5,Y1,61.96144485473633,1,0
27,537,0.5,Y2,39.73722457885742,0,1
27,538,0.5,Y1,58.15411376953125,1,0
27,538,0.5,Y2,62.967430114746094,0,1
27,539,0.5,Y1,42.31878662109375,1,0
27,539,0.5,Y2,45.69208526611328,0,1
27,540,0.5,Y1,64.16194915771484,1,0
27,540,0.5,Y2,54.18084716796875,0,1
28,541,0.5,Y1,51.29906463623047,1,0
28,541,0.5,Y2,68.9864501953125,0,1
28,542,0.5,Y1,61.45481872558594,1,0
28,542,0.5,Y2,68.43631744384766,0,1
28,543,0.5,Y1,57.802833557128906,1,0
28,543,0.5,Y2,47.1318473815918,0,1
28,544,0.5,Y1,68.61841583251953,1,0
28,544,0.5,Y2,62.68291473388672,0,1
28,545,0.5,Y1,52.25273132324219,1,0
28,545,0.5,Y2,60.53343963623047,0,1
28,546,0.5,Y1,57.9003791809082,1,0
28,546,0.5,Y2,54.73374938964844,0,1
28,547,0.5,Y1,46.254669189453125,1,0
28,547,0.5,Y2,53.675201416015625,0,1
28,548,0.5,Y1,60.47521209716797,1,0
28,548,0.5,Y2,41.083831787109375,0,1
28,549,0.5,Y1,52.92537307739258,1,0
28,549,0.5,Y2,60.095149993896484,0,1
28,550,0.5,Y1,63.606689453125,1,0
28,550,0.5,Y2,56.64763259887695,0,1
28,551,0.5,Y1,47.3511962890625,1,0
28,551,0.5,Y2,60.269683837890625,0,1
28,552,0.5,Y1,56.60307312011719,1,0
28,552,0.5,Y2,66.27446746826172,0,1
28,553,0.5,Y1,60.00019073486328,1,0
28,553,0.5,Y2,62.92544174194336,0,1
28,554,0.5,Y1,50.44485092163086,1,0
28,554,0.5,Y2,67.575592041015625,0,1
28,555,0.5,Y1,51.52883529663086,1,0
28,555,0.5,Y2,47.026283264160156,0,1
28,556,0.5,Y1,50.46729278564453,1,0
28,556,0.5,Y2,55.9699821472168,0,1
28,557,0.5,Y1,64.2027816772461,1,0
28,557,0.5,Y2,66.3856430053711,0,1
28,558,0.5,Y1,50.573265075683594,1,0
28,558,0.5,Y2,61.81304931640625,0,1
28,559,0.5,Y1,41.56480407714844,1,0
28,559,0.5,Y2,46.377952575683594,0,1
28,560,0.5,Y1,39.52701950073242,1,0
28,560,0.5,Y2,34.766578674316406,0,1
29,561,0.5,Y1,57.34236145019531,1,0
29,561,0.5,Y2,52.265296936035156,0,1
29,562,0.5,Y1,65.11612701416016,1,0
29,562,0.5,Y2,43.07893753051758,0,1
29,563,0.5,Y1,64.37569427490234,1,0
29,563,0.5,Y2,50.23295593261719,0,1
29,564,0.5,Y1,67.12189483642578,1,0
29,564,0.5,Y2,47.8835334777832,0,1
29,565,0.5,Y1,47.146297454833984,1,0
29,565,0.5,Y2,53.577430725097656,0,1
29,566,0.5,Y1,72.01702117919922,1,0
29,566,0.5,Y2,52.111534118652344,0,1
29,567,0.5,Y1,43.60223388671875,1,0
29,567,0.5,Y2,36.591392517089844,0,1
29,568,0.5,Y1,52.69579315185547,1,0
29,568,0.5,Y2,49.93576431274414,0,1
29,569,0.5,Y1,48.10786819458008,1,0
29,569,0.5,Y2,62.59300994873047,0,1
29,570,0.5,Y1,58.296852111816406,1,0
29,570,0.5,Y2,48.09022521972656,0,1
29,571,0.5,Y1,50.24775314331055,1,0
29,571,0.5,Y2,69.04144287109375,0,1
29,572,0.5,Y1,46.38513946533203,1,0
29,572,0.5,Y2,59.47195816040039,0,1
29,573,0.5,Y1,29.9311466217041,1,0
29,573,0.5,Y2,30.575563430786133,0,1
29,574,0.5,Y1,62.55091094970703,1,0
29,574,0.5,Y2,69.51827239990234,0,1
29,575,0.5,Y1,58.294151306152344,1,0
29,575,0.5,Y2,53.20941162109375,0,1
29,576,0.5,Y1,78.2059326171875,1,0
29,576,0.5,Y2,53.50646209716797,0,1
29,577,0.5,Y1,67.990966796875,1,0
29,577,0.5,Y2,50.97624206542969,0,1
29,578,0.5,Y1,56.8303108215332,1,0
29,578,0.5,Y2,52.551292419433594,0,1
29,579,0.5,Y1,58.34070587158203,1,0
29,579,0.5,Y2,54.21914291381836,0,1
29,580,0.5,Y1,59.028167724609375,1,0
29,580,0.5,Y2,56.773075103759766,0,1
30,581,0.5,Y1,52.67683410644531,1,0
30,581,0.5,Y2,62.036190032958984,0,1
30,582,0.5,Y1,42.76506423950195,1,0
30,582,0.5,Y2,48.94429397583008,0,1
30,583,0.5,Y1,62.52582931518555,1,0
30,583,0.5,Y2,70.47808074951172,0,1
30,584,0.5,Y1,69.162139892578125,1,0
30,584,0.5,Y2,60.639522552490234,0,1
30,585,0.5,Y1,49.33122253417969,1,0
30,585,0.5,Y2,65.7865982055664,0,1
30,586,0.5,Y1,60.78392791748047,1,0
30,586,0.5,Y2,45.061973571777344,0,1
30,587,0.5,Y1,54.764686584472656,1,0
30,587,0.5,Y2,41.072757720947266,0,1
30,588,0.5,Y1,50.16223907470703,1,0
30,588,0.5,Y2,51.73337173461914,0,1
30,589,0.5,Y1,68.47113037109375,1,0
30,589,0.5,Y2,61.144989013671875,0,1
30,590,0.5,Y1,63.722679138183594,1,0
30,590,0.5,Y2,43.79914855957031,0,1
30,591,0.5,Y1,52.01538848876953,1,0
30,591,0.5,Y2,44.29658508300781,0,1
30,592,0.5,Y1,71.07825469970703,1,0
30,592,0.5,Y2,67.115081787109375,0,1
30,593,0.5,Y1,60.896324157714844,1,0
30,593,0.5,Y2,47.603206634521484,0,1
30,594,0.5,Y1,58.20703887939453,1,0
30,594,0.5,Y2,48.013916015625,0,1
30,595,0.5,Y1,63.51099395751953,1,0
30,595,0.5,Y2,48.60195541381836,0,1
30,596,0.5,Y1,64.7192153930664,1,0
30,596,0.5,Y2,49.7277946472168,0,1
30,597,0.5,Y1,45.86115264892578,1,0
30,597,0.5,Y2,41.01442337036133,0,1
30,598,0.5,Y1,51.55400085449219,1,0
30,598,0.5,Y2,47.69132995605469,0,1
30,599,0.5,Y1,38.8673210144043,1,0
30,599,0.5,Y2,50.62421417236328,0,1
30,600,0.5,Y1,62.35334777832031,1,0
30,600,0.5,Y2,71.501190185546875,0,1
31,601,0.5,Y1,64.7673568725586,1,0
31,601,0.5,Y2,58.90584945678711,0,1
31,602,0.5,Y1,70.39948272705078,1,0
31,602,0.5,Y2,66.69295501708984,0,1
31,603,0.5,Y1,48.53495788574219,1,0
31,603,0.5,Y2,51.503868103027344,0,1
31,604,0.5,Y1,62.17247009277344,1,0
31,604,0.5,Y2,73.83384704589844,0,1
31,605,0.5,Y1,75.404083251953125,1,0
31,605,0.5,Y2,72.130462646484375,0,1
31,606,0.5,Y1,44.978179931640625,1,0
31,606,0.5,Y2,60.457218170166016,0,1
31,607,0.5,Y1,36.91621017456055,1,0
31,607,0.5,Y2,62.6629638671875,0,1
31,608,0.5,Y1,44.63507080078125,1,0
31,608,0.5,Y2,29.604537963867187,0,1
31,609,0.5,Y1,62.040740966796875,1,0
31,609,0.5,Y2,54.92439270019531,0,1
31,610,0.5,Y1,47.705509185791016,1,0
31,610,0.5,Y2,63.76042175292969,0,1
31,611,0.5,Y1,60.78022766113281,1,0
31,611,0.5,Y2,78.16978454589844,0,1
31,612,0.5,Y1,49.721580505371094,1,0
31,612,0.5,Y2,68.731414794921875,0,1
31,613,0.5,Y1,59.58494567871094,1,0
31,613,0.5,Y2,58.58864974975586,0,1
31,614,0.5,Y1,62.7595100402832,1,0
31,614,0.5,Y2,57.19730758666992,0,1
31,615,0.5,Y1,54.59138488769531,1,0
31,615,0.5,Y2,44.05788040161133,0,1
31,616,0.5,Y1,44.07853317260742,1,0
31,616,0.5,Y2,35.01850891113281,0,1
31,617,0.5,Y1,39.083045959472656,1,0
31,617,0.5,Y2,43.49821090698242,0,1
31,618,0.5,Y1,66.7651138305664,1,0
31,618,0.5,Y2,58.17477035522461,0,1
31,619,0.5,Y1,50.987266540527344,1,0
31,619,0.5,Y2,42.3193244934082,0,1
31,620,0.5,Y1,60.38759994506836,1,0
31,620,0.5,Y2,56.67616653442383,0,1
32,621,0.5,Y1,70.40778350830078,1,0
32,621,0.5,Y2,68.56855773925781,0,1
32,622,0.5,Y1,55.92823028564453,1,0
32,622,0.5,Y2,51.23674392700195,0,1
32,623,0.5,Y1,61.594886779785156,1,0
32,623,0.5,Y2,58.46481704711914,0,1
32,624,0.5,Y1,73.02657318115234,1,0
32,624,0.5,Y2,45.949462890625,0,1
32,625,0.5,Y1,53.970794677734375,1,0
32,625,0.5,Y2,61.409053802490234,0,1
32,626,0.5,Y1,64.07894134521484,1,0
32,626,0.5,Y2,64.36371612548828,0,1
32,627,0.5,Y1,38.06387710571289,1,0
32,627,0.5,Y2,62.63646697998047,0,1
32,628,0.5,Y1,57.45116424560547,1,0
32,628,0.5,Y2,53.82643508911133,0,1
32,629,0.5,Y1,44.59061813354492,1,0
32,629,0.5,Y2,39.746097564697266,0,1
32,630,0.5,Y1,55.94672393798828,1,0
32,630,0.5,Y2,43.714576721191406,0,1
32,631,0.5,Y1,62.53011703491211,1,0
32,631,0.5,Y2,52.83155822753906,0,1
32,632,0.5,Y1,66.13310241699219,1,0
32,632,0.5,Y2,68.36698150634766,0,1
32,633,0.5,Y1,65.84551239013672,1,0
32,633,0.5,Y2,54.042015075683594,0,1
32,634,0.5,Y1,36.076568603515625,1,0
32,634,0.5,Y2,35.378623962402344,0,1
32,635,0.5,Y1,45.94744873046875,1,0
32,635,0.5,Y2,55.985939025878906,0,1
32,636,0.5,Y1,70.471221923828125,1,0
32,636,0.5,Y2,69.666290283203125,0,1
32,637,0.5,Y1,48.374813079833984,1,0
32,637,0.5,Y2,43.76034927368164,0,1
32,638,0.5,Y1,68.92192077636719,1,0
32,638,0.5,Y2,60.92894744873047,0,1
32,639,0.5,Y1,64.16553497314453,1,0
32,639,0.5,Y2,58.43733596801758,0,1
32,640,0.5,Y1,59.133182525634766,1,0
32,640,0.5,Y2,60.98432540893555,0,1
33,641,0.5,Y1,56.770023345947266,1,0
33,641,0.5,Y2,72.86528015136719,0,1
33,642,0.5,Y1,46.0282096862793,1,0
33,642,0.5,Y2,37.37421417236328,0,1
33,643,0.5,Y1,40.896217346191406,1,0
33,643,0.5,Y2,62.10124969482422,0,1
33,644,0.5,Y1,58.94532775878906,1,0
33,644,0.5,Y2,58.59363555908203,0,1
33,645,0.5,Y1,48.75086975097656,1,0
33,645,0.5,Y2,63.053680419921875,0,1
33,646,0.5,Y1,65.50868225097656,1,0
33,646,0.5,Y2,68.651824951171875,0,1
33,647,0.5,Y1,37.69324493408203,1,0
33,647,0.5,Y2,50.105560302734375,0,1
33,648,0.5,Y1,58.696937561035156,1,0
33,648,0.5,Y2,68.211578369140625,0,1
33,649,0.5,Y1,51.63909912109375,1,0
33,649,0.5,Y2,38.76423645019531,0,1
33,650,0.5,Y1,49.96360778808594,1,0
33,650,0.5,Y2,60.43400955200195,0,1
33,651,0.5,Y1,40.31479263305664,1,0
33,651,0.5,Y2,39.9664306640625,0,1
33,652,0.5,Y1,52.03236770629883,1,0
33,652,0.5,Y2,48.6677360534668,0,1
33,653,0.5,Y1,45.75979995727539,1,0
33,653,0.5,Y2,33.12179946899414,0,1
33,654,0.5,Y1,54.145050048828125,1,0
33,654,0.5,Y2,56.272422790527344,0,1
33,655,0.5,Y1,60.524513244628906,1,0
33,655,0.5,Y2,62.796356201171875,0,1
33,656,0.5,Y1,61.77845001220703,1,0
33,656,0.5,Y2,51.993343353271484,0,1
33,657,0.5,Y1,54.410179138183594,1,0
33,657,0.5,Y2,52.85698318481445,0,1
33,658,0.5,Y1,52.56394958496094,1,0
33,658,0.5,Y2,48.55419921875,0,1
33,659,0.5,Y1,44.86357116699219,1,0
33,659,0.5,Y2,52.99279022216797,0,1
33,660,0.5,Y1,41.92022705078125,1,0
33,660,0.5,Y2,48.92538070678711,0,1
34,661,0.5,Y1,58.41960144042969,1,0
34,661,0.5,Y2,38.903717041015625,0,1
34,662,0.5,Y1,54.66443634033203,1,0
34,662,0.5,Y2,62.94530487060547,0,1
34,663,0.5,Y1,56.97955322265625,1,0
34,663,0.5,Y2,54.10645294189453,0,1
34,664,0.5,Y1,62.328765869140625,1,0
34,664,0.5,Y2,54.34819793701172,0,1
34,665,0.5,Y1,56.1328125,1,0
34,665,0.5,Y2,55.208526611328125,0,1
34,666,0.5,Y1,56.48896026611328,1,0
34,666,0.5,Y2,64.15406799316406,0,1
34,667,0.5,Y1,51.29650115966797,1,0
34,667,0.5,Y2,63.129112243652344,0,1
34,668,0.5,Y1,51.58955383300781,1,0
34,668,0.5,Y2,68.72808837890625,0,1
34,669,0.5,Y1,63.998416900634766,1,0
34,669,0.5,Y2,64.268310546875,0,1
34,670,0.5,Y1,63.22179412841797,1,0
34,670,0.5,Y2,90.2049560546875,0,1
34,671,0.5,Y1,51.62807846069336,1,0
34,671,0.5,Y2,55.602054595947266,0,1
34,672,0.5,Y1,35.323211669921875,1,0
34,672,0.5,Y2,53.36492919921875,0,1
34,673,0.5,Y1,43.54448699951172,1,0
34,673,0.5,Y2,51.05305862426758,0,1
34,674,0.5,Y1,71.64305114746094,1,0
34,674,0.5,Y2,58.8852653503418,0,1
34,675,0.5,Y1,57.68309020996094,1,0
34,675,0.5,Y2,41.4488525390625,0,1
34,676,0.5,Y1,43.557273864746094,1,0
34,676,0.5,Y2,57.937477111816406,0,1
34,677,0.5,Y1,43.934635162353516,1,0
34,677,0.5,Y2,56.41278839111328,0,1
34,678,0.5,Y1,50.80373001098633,1,0
34,678,0.5,Y2,47.1477165222168,0,1
34,679,0.5,Y1,59.08786392211914,1,0
34,679,0.5,Y2,49.9166145324707,0,1
34,680,0.5,Y1,58.945674896240234,1,0
34,680,0.5,Y2,44.42387008666992,0,1
35,681,0.5,Y1,63.30402755737305,1,0
35,681,0.5,Y2,59.68138885498047,0,1
35,682,0.5,Y1,53.89389419555664,1,0
35,682,0.5,Y2,48.344242095947266,0,1
35,683,0.5,Y1,56.97049331665039,1,0
35,683,0.5,Y2,55.98728942871094,0,1
35,684,0.5,Y1,59.71385955810547,1,0
35,684,0.5,Y2,47.84732437133789,0,1
35,685,0.5,Y1,50.395687103271484,1,0
35,685,0.5,Y2,64.664642333984375,0,1
35,686,0.5,Y1,77.75879669189453,1,0
35,686,0.5,Y2,47.75869369506836,0,1
35,687,0.5,Y1,26.22063446044922,1,0
35,687,0.5,Y2,42.01616668701172,0,1
35,688,0.5,Y1,50.23699951171875,1,0
35,688,0.5,Y2,50.17769241333008,0,1
35,689,0.5,Y1,55.829586029052734,1,0
35,689,0.5,Y2,54.10200881958008,0,1
35,690,0.5,Y1,45.510501861572266,1,0
35,690,0.5,Y2,52.73253631591797,0,1
35,691,0.5,Y1,67.81539154052734,1,0
35,691,0.5,Y2,61.293113708496094,0,1
35,692,0.5,Y1,56.59846115112305,1,0
35,692,0.5,Y2,61.91795349121094,0,1
35,693,0.5,Y1,48.42667770385742,1,0
35,693,0.5,Y2,63.79935073852539,0,1
35,694,0.5,Y1,58.472190856933594,1,0
35,694,0.5,Y2,72.886322021484375,0,1
35,695,0.5,Y1,49.46499252319336,1,0
35,695,0.5,Y2,56.26708221435547,0,1
35,696,0.5,Y1,43.8550910949707,1,0
35,696,0.5,Y2,59.5505256652832,0,1
35,697,0.5,Y1,44.08797073364258,1,0
35,697,0.5,Y2,56.26579666137695,0,1
35,698,0.5,Y1,59.33195114135742,1,0
35,698,0.5,Y2,59.84943389892578,0,1
35,699,0.5,Y1,41.47998809814453,1,0
35,699,0.5,Y2,37.69556427001953,0,1
35,700,0.5,Y1,71.53718566894531,1,0
35,700,0.5,Y2,59.83903503417969,0,1
36,701,0.5,Y1,41.37310028076172,1,0
36,701,0.5,Y2,60.631317138671875,0,1
36,702,0.5,Y1,57.96884536743164,1,0
36,702,0.5,Y2,48.82672119140625,0,1
36,703,0.5,Y1,51.67111587524414,1,0
36,703,0.5,Y2,59.742862701416016,0,1
36,704,0.5,Y1,67.85932922363281,1,0
36,704,0.5,Y2,58.25181579589844,0,1
36,705,0.5,Y1,47.8159065246582,1,0
36,705,0.5,Y2,46.96907424926758,0,1
36,706,0.5,Y1,47.342376708984375,1,0
36,706,0.5,Y2,42.51363754272461,0,1
36,707,0.5,Y1,68.24217224121094,1,0
36,707,0.5,Y2,67.43614196777344,0,1
36,708,0.5,Y1,42.376712799072266,1,0
36,708,0.5,Y2,45.77509307861328,0,1
36,709,0.5,Y1,43.46077346801758,1,0
36,709,0.5,Y2,51.61431884765625,0,1
36,710,0.5,Y1,68.28453063964844,1,0
36,710,0.5,Y2,46.45994186401367,0,1
36,711,0.5,Y1,43.95271301269531,1,0
36,711,0.5,Y2,43.30632019042969,0,1
36,712,0.5,Y1,62.37702941894531,1,0
36,712,0.5,Y2,68.17218780517578,0,1
36,713,0.5,Y1,59.76628875732422,1,0
36,713,0.5,Y2,48.942020416259766,0,1
36,714,0.5,Y1,48.63484191894531,1,0
36,714,0.5,Y2,64.16583251953125,0,1
36,715,0.5,Y1,44.47924041748047,1,0
36,715,0.5,Y2,39.96376037597656,0,1
36,716,0.5,Y1,53.90615463256836,1,0
36,716,0.5,Y2,60.42680740356445,0,1
36,717,0.5,Y1,35.55125427246094,1,0
36,717,0.5,Y2,42.85329818725586,0,1
36,718,0.5,Y1,39.26429748535156,1,0
36,718,0.5,Y2,53.77481460571289,0,1
36,719,0.5,Y1,49.328826904296875,1,0
36,719,0.5,Y2,60.67266845703125,0,1
36,720,0.5,Y1,41.8819465637207,1,0
36,720,0.5,Y2,46.56648635864258,0,1
37,721,0.5,Y1,41.418888092041016,1,0
37,721,0.5,Y2,36.004234313964844,0,1
37,722,0.5,Y1,57.240379333496094,1,0
37,722,0.5,Y2,53.51377487182617,0,1
37,723,0.5,Y1,46.7369384765625,1,0
37,723,0.5,Y2,62.558074951171875,0,1
37,724,0.5,Y1,48.80760955810547,1,0
37,724,0.5,Y2,48.43667221069336,0,1
37,725,0.5,Y1,51.51432800292969,1,0
37,725,0.5,Y2,49.17896270751953,0,1
37,726,0.5,Y1,54.16677474975586,1,0
37,726,0.5,Y2,56.01512145996094,0,1
37,727,0.5,Y1,47.84869384765625,1,0
37,727,0.5,Y2,51.96913146972656,0,1
37,728,0.5,Y1,46.690643310546875,1,0
37,728,0.5,Y2,37.550697326660156,0,1
37,729,0.5,Y1,57.60085678100586,1,0
37,729,0.5,Y2,37.37202453613281,0,1
37,730,0.5,Y1,61.62443542480469,1,0
37,730,0.5,Y2,50.953590393066406,0,1
37,731,0.5,Y1,50.570194244384766,1,0
37,731,0.5,Y2,57.58457946777344,0,1
37,732,0.5,Y1,42.37599182128906,1,0
37,732,0.5,Y2,57.70478820800781,0,1
37,733,0.5,Y1,56.799407958984375,1,0
37,733,0.5,Y2,45.52719497680664,0,1
37,734,0.5,Y1,64.4620361328125,1,0
37,734,0.5,Y2,46.737518310546875,0,1
37,735,0.5,Y1,30.74709129333496,1,0
37,735,0.5,Y2,33.83514404296875,0,1
37,736,0.5,Y1,51.69347381591797,1,0
37,736,0.5,Y2,58.65586471557617,0,1
37,737,0.5,Y1,61.82030487060547,1,0
37,737,0.5,Y2,56.85457229614258,0,1
37,738,0.5,Y1,64.34590911865234,1,0
37,738,0.5,Y2,47.71626281738281,0,1
37,739,0.5,Y1,59.044654846191406,1,0
37,739,0.5,Y2,51.852359771728516,0,1
37,740,0.5,Y1,56.30363845825195,1,0
37,740,0.5,Y2,57.44807815551758,0,1
38,741,0.5,Y1,39.81914520263672,1,0
38,741,0.5,Y2,58.66524124145508,0,1
38,742,0.5,Y1,55.80784225463867,1,0
38,742,0.5,Y2,53.879337310791016,0,1
38,743,0.5,Y1,63.72715377807617,1,0
38,743,0.5,Y2,64.2143325805664,0,1
38,744,0.5,Y1,58.02210998535156,1,0
38,744,0.5,Y2,64.93665313720703,0,1
38,745,0.5,Y1,52.264671325683594,1,0
38,745,0.5,Y2,46.30729675292969,0,1
38,746,0.5,Y1,68.87620544433594,1,0
38,746,0.5,Y2,62.49724578857422,0,1
38,747,0.5,Y1,36.82300567626953,1,0
38,747,0.5,Y2,57.87887191772461,0,1
38,748,0.5,Y1,69.63335418701172,1,0
38,748,0.5,Y2,75.43089294433594,0,1
38,749,0.5,Y1,46.185611724853516,1,0
38,749,0.5,Y2,51.207481384277344,0,1
38,750,0.5,Y1,73.07767486572266,1,0
38,750,0.5,Y2,78.143951416015625,0,1
38,751,0.5,Y1,69.74591064453125,1,0
38,751,0.5,Y2,49.19706726074219,0,1
38,752,0.5,Y1,80.74324798583984,1,0
38,752,0.5,Y2,56.65895080566406,0,1
38,753,0.5,Y1,34.84565353393555,1,0
38,753,0.5,Y2,34.913299560546875,0,1
38,754,0.5,Y1,56.83694076538086,1,0
38,754,0.5,Y2,65.32601165771484,0,1
38,755,0.5,Y1,56.28348922729492,1,0
38,755,0.5,Y2,51.09566116333008,0,1
38,756,0.5,Y1,55.23269271850586,1,0
38,756,0.5,Y2,70.94471740722656,0,1
38,757,0.5,Y1,52.82809066772461,1,0
38,757,0.5,Y2,48.82622528076172,0,1
38,758,0.5,Y1,77.89786529541016,1,0
38,758,0.5,Y2,65.35108947753906,0,1
38,759,0.5,Y1,55.780582427978516,1,0
38,759,0.5,Y2,57.85045623779297,0,1
38,760,0.5,Y1,62.207611083984375,1,0
38,760,0.5,Y2,69.70509338378906,0,1
39,761,0.5,Y1,33.117454528808594,1,0
39,761,0.5,Y2,46.68980026245117,0,1
39,762,0.5,Y1,64.5960693359375,1,0
39,762,0.5,Y2,64.27098846435547,0,1
39,763,0.5,Y1,61.94766616821289,1,0
39,763,0.5,Y2,60.51899337768555,0,1
39,764,0.5,Y1,38.79419708251953,1,0
39,764,0.5,Y2,50.283145904541016,0,1
39,765,0.5,Y1,55.245933532714844,1,0
39,765,0.5,Y2,76.11125946044922,0,1
39,766,0.5,Y1,51.48933792114258,1,0
39,766,0.5,Y2,79.11155700683594,0,1
39,767,0.5,Y1,54.12224578857422,1,0
39,767,0.5,Y2,65.15068054199219,0,1
39,768,0.5,Y1,63.66336441040039,1,0
39,768,0.5,Y2,49.72649002075195,0,1
39,769,0.5,Y1,57.475311279296875,1,0
39,769,0.5,Y2,64.638214111328125,0,1
39,770,0.5,Y1,49.599788665771484,1,0
39,770,0.5,Y2,67.77032470703125,0,1
39,771,0.5,Y1,45.307682037353516,1,0
39,771,0.5,Y2,58.03432846069336,0,1
39,772,0.5,Y1,55.197383880615234,1,0
39,772,0.5,Y2,62.9300537109375,0,1
39,773,0.5,Y1,64.40733337402344,1,0
39,773,0.5,Y2,58.23107147216797,0,1
39,774,0.5,Y1,49.98853302001953,1,0
39,774,0.5,Y2,53.10030746459961,0,1
39,775,0.5,Y1,43.98375701904297,1,0
39,775,0.5,Y2,60.13674545288086,0,1
39,776,0.5,Y1,57.10117721557617,1,0
39,776,0.5,Y2,63.42063903808594,0,1
39,777,0.5,Y1,54.180213928222656,1,0
39,777,0.5,Y2,37.32126235961914,0,1
39,778,0.5,Y1,67.08194732666016,1,0
39,778,0.5,Y2,53.651004791259766,0,1
39,779,0.5,Y1,50.70534896850586,1,0
39,779,0.5,Y2,52.21676254272461,0,1
39,780,0.5,Y1,53.892539978027344,1,0
39,780,0.5,Y2,64.85432434082031,0,1
40,781,0.5,Y1,52.90568923950195,1,0
40,781,0.5,Y2,62.84842300415039,0,1
40,782,0.5,Y1,56.66347122192383,1,0
40,782,0.5,Y2,55.02650451660156,0,1
40,783,0.5,Y1,58.314815521240234,1,0
40,783,0.5,Y2,53.91762924194336,0,1
40,784,0.5,Y1,37.411155700683594,1,0
40,784,0.5,Y2,60.41379165649414,0,1
40,785,0.5,Y1,73.72554016113281,1,0
40,785,0.5,Y2,69.9742660522461,0,1
40,786,0.5,Y1,75.95240783691406,1,0
40,786,0.5,Y2,68.52001953125,0,1
40,787,0.5,Y1,48.816184997558594,1,0
40,787,0.5,Y2,53.15079879760742,0,1
40,788,0.5,Y1,55.20173645019531,1,0
40,788,0.5,Y2,50.16737747192383,0,1
40,789,0.5,Y1,68.06212615966797,1,0
40,789,0.5,Y2,71.96452331542969,0,1
40,790,0.5,Y1,66.48835754394531,1,0
40,790,0.5,Y2,65.06236267089844,0,1
40,791,0.5,Y1,58.696353912353516,1,0
40,791,0.5,Y2,56.990135192871094,0,1
40,792,0.5,Y1,45.778194427490234,1,0
40,792,0.5,Y2,74.82225036621094,0,1
40,793,0.5,Y1,59.52450942993164,1,0
40,793,0.5,Y2,65.56937408447266,0,1
40,794,0.5,Y1,59.899330139160156,1,0
40,794,0.5,Y2,42.78352737426758,0,1
40,795,0.5,Y1,57.71080780029297,1,0
40,795,0.5,Y2,58.601051330566406,0,1
40,796,0.5,Y1,65.35267639160156,1,0
40,796,0.5,Y2,66.9168930053711,0,1
40,797,0.5,Y1,59.10808563232422,1,0
40,797,0.5,Y2,80.62083435058594,0,1
40,798,0.5,Y1,67.93999481201172,1,0
40,798,0.5,Y2,61.001708984375,0,1
40,799,0.5,Y1,56.81086730957031,1,0
40,799,0.5,Y2,53.21158981323242,0,1
40,800,0.5,Y1,65.6318130493164,1,0
40,800,0.5,Y2,49.707786560058594,0,1
